Titolo,Tipo,Anno,Stagione,Stagione/Episodio,Nome File,Cartella,Estensione,Dimensione (MB),Disco,Percorso Completo,Data Scansione
007 - Casino Royale,Film,,,,007 - Casino Royale HD.mkv,.,.mkv,8133.1,Memoria 1,F:\Film Miei HD\007 - Casino Royale HD.mkv,2026-08-20
007 - Quantum Of Solace,Film,,,,007 - Quantum Of Solace HD.mkv,.,.mkv,8578.7,Memoria 1,F:\Film Miei HD\007 - Quantum Of Solace HD.mkv,2026-08-20
007 - Skyfall,Film,,,,007 - Skyfall HD.mkv,.,.mkv,7984.8,Memoria 1,F:\Film Miei HD\007 - Skyfall HD.mkv,2026-08-20
007 Spectre,Film,,,,007 Spectre HD.mkv,.,.mkv,13469.7,Memoria 2,F:007 Spectre HD.mkv,2026-08-20
12 Anni Schiavo,Film,,,,12 Anni Schiavo HD.mkv,.,.mkv,6151.8,Memoria 1,F:\Film Miei HD\12 Anni Schiavo HD.mkv,2026-08-20
127 Ore,Film,,,,127 Ore HD.mkv,.,.mkv,10966.7,Memoria 1,F:\Film Miei HD\127 Ore HD.mkv,2026-08-20
13 Hours - The Secret Soldiers Of Benghazi,Film,,,,13 Hours - The Secret Soldiers Of Benghazi HD.mkv,.,.mkv,11449.8,Memoria 2,F:13 Hours - The Secret Soldiers Of Benghazi HD.mkv,2026-08-20
1981 - Indagine A New York,Film,,,,1981 - Indagine A New York HD.mkv,.,.mkv,10562.0,Memoria 2,F:1981 - Indagine A New York HD.mkv,2026-08-20
2012,Film,,,,2012 HD.mkv,.,.mkv,15713.5,Memoria 1,F:\Film Miei HD\2012 HD.mkv,2026-08-20
300,Film,,,,300 HD.mkv,.,.mkv,11471.2,Memoria 1,F:\Film Miei HD\300 HD.mkv,2026-08-20
300 - L'alba Di Un Impero,Film,,,,300 - L'alba Di Un Impero HD.mkv,.,.mkv,9249.6,Memoria 1,F:\Film Miei HD\300 - L'alba Di Un Impero HD.mkv,2026-08-20
7 Sconosciuti A El Royale,Film,,,,7 Sconosciuti A El Royale HQ.mkv,.,.mkv,,Memoria 3,F:\7 Sconosciuti A El Royale HQ.mkv,2026-08-20
8 Mile,Film,,,,8 Mile HD.mkv,.,.mkv,8143.5,Memoria 1,F:\Film Miei HD\8 Mile HD.mkv,2026-08-20
A Bigger Splash,Film,,,,A Bigger Splash HD.mkv,.,.mkv,,Memoria 3,F:\A Bigger Splash HD.mkv,2026-08-20
A Bug's Life,Film,,,,(Pixar) - A Bug's Life HD.mkv,.,.mkv,,Memoria 3,F:\(Pixar) - A Bug's Life HD.mkv,2026-08-20
A C A B,Film,,,,A.C.A.B HD.mkv,.,.mkv,14734.9,Memoria 1,F:\Film Miei HD\A.C.A.B HD.mkv,2026-08-20
A Spasso Nel Bosco,Film,,,,A Spasso Nel Bosco HD.mkv,.,.mkv,,Memoria 3,F:\A Spasso Nel Bosco HD.mkv,2026-08-20
A Time To Kill - Il Momento di Uccidere,Film,,,,A Time To Kill - Il Momento di Uccidere HD.mkv,.,.mkv,4478.2,Memoria 1,F:\Film Miei HD\A Time To Kill - Il Momento di Uccidere HD.mkv,2026-08-20
A United Kingdom,Film,,,,A United Kingdom HD.mkv,.,.mkv,,Memoria 3,F:\A United Kingdom HD.mkv,2026-08-20
About A Boy - Un Ragazzo,Film,,,,About A Boy - Un Ragazzo HD.mkv,.,.mkv,,Memoria 3,F:\About A Boy - Un Ragazzo HD.mkv,2026-08-20
Ace Ventura - L'Acchiappanimali,Film,,,,Ace Ventura - L'Acchiappanimali HD.mkv,.,.mkv,4566.3,Memoria 1,F:\Film Miei HD\Ace Ventura - L'Acchiappanimali HD.mkv,2026-08-20
Ace Ventura - Missione Africa,Film,,,,Ace Ventura - Missione Africa HD.mkv,.,.mkv,4606.5,Memoria 1,F:\Film Miei HD\Ace Ventura - Missione Africa HD.mkv,2026-08-20
Across The Universe,Film,,,,Across The Universe HD.mkv,.,.mkv,,Memoria 3,F:\Across The Universe HD.mkv,2026-08-20
Addio Fottuti Musi Verdi,Film,,,,Addio Fottuti Musi Verdi HD.mkv,.,.mkv,,Memoria 3,F:\Addio Fottuti Musi Verdi HD.mkv,2026-08-20
After Earth,Film,,,,After Earth HD.mkv,.,.mkv,10088.8,Memoria 1,F:\Film Miei HD\After Earth HD.mkv,2026-08-20
Al Posto Tuo,Film,,,,Al Posto Tuo HD.mkv,.,.mkv,,Memoria 3,F:\Al Posto Tuo HD.mkv,2026-08-20
Aladdin,Film,2019,,,Aladdin (2019) HD.mkv,.,.mkv,,Memoria 3,F:\Aladdin (2019) HD.mkv,2026-08-20
Alice Attraverso Lo Specchio,Film,,,,Alice Attraverso Lo Specchio HD.mkv,.,.mkv,,Memoria 3,F:\Alice Attraverso Lo Specchio HD.mkv,2026-08-20
Alice In Wonderland,Film,,,,Alice In Wonderland HD.mkv,.,.mkv,3478.6,Memoria 2,F:Alice In Wonderland HD.mkv,2026-08-20
Alice Nel Paese Delle Meraviglie,Film,1951,,,Alice Nel Paese Delle Meraviglie (1951) HD.mkv,.,.mkv,4485.1,Memoria 2,F:Alice Nel Paese Delle Meraviglie (1951) HD.mkv,2026-08-20
Alien,Film,,,,Alien HD.mkv,.,.mkv,,Memoria 3,F:\Alien HD.mkv,2026-08-20
Alien - Resurrection,Film,,,,Alien - Resurrection HD.mkv,.,.mkv,,Memoria 3,F:\Alien - Resurrection HD.mkv,2026-08-20
Alien 3,Film,,,,Alien 3 HD.mkv,.,.mkv,,Memoria 3,F:\Alien 3 HD.mkv,2026-08-20
Alien Covenant,Film,,,,Alien Covenant HD.mkv,.,.mkv,,Memoria 3,F:\Alien Covenant HD.mkv,2026-08-20
Aliens - Scontro Finale,Film,,,,Aliens - Scontro Finale HD.mkv,.,.mkv,,Memoria 3,F:\Aliens - Scontro Finale HD.mkv,2026-08-20
Alita - Angelo Della Battaglia,Film,,,,Alita - Angelo Della Battaglia HD.mkv,.,.mkv,,Memoria 3,F:\Alita - Angelo Della Battaglia HD.mkv,2026-08-20
Alla Ricerca Di Dori,Film,,,,Alla Ricerca Di Dori HD.mkv,.,.mkv,,Memoria 3,F:\Alla Ricerca Di Dori HD.mkv,2026-08-20
Alla Ricerca Di Dory,Film,,,,(Pixar) - Alla Ricerca Di Dory HD.mkv,.,.mkv,,Memoria 3,F:\(Pixar) - Alla Ricerca Di Dory HD.mkv,2026-08-20
Alla Ricerca Di Nemo,Film,,,,(Pixar) - Alla Ricerca Di Nemo HD.mkv,.,.mkv,,Memoria 3,F:\(Pixar) - Alla Ricerca Di Nemo HD.mkv,2026-08-20
Allacciate Le Cinture,Film,,,,Allacciate Le Cinture HD.mkv,.,.mkv,4481.7,Memoria 1,F:\Film Miei HD\Allacciate Le Cinture HD.mkv,2026-08-20
Allied - Un'Ombra Nascosta,Film,,,,Allied - Un'Ombra Nascosta HD.mkv,.,.mkv,,Memoria 3,F:\Allied - Un'Ombra Nascosta HD.mkv,2026-08-20
American Beauty,Film,,,,American Beauty HD.mkv,.,.mkv,5866.3,Memoria 1,F:\Film Miei HD\American Beauty HD.mkv,2026-08-20
American History X,Film,,,,American History X HD.mkv,.,.mkv,4484.7,Memoria 1,F:\Film Miei HD\American History X HD.mkv,2026-08-20
American Hustle,Film,,,,American Hustle HD.mkv,.,.mkv,13586.9,Memoria 1,F:\Film Miei HD\American Hustle HD.mkv,2026-08-20
American Pastoral,Film,,,,American Pastoral HD.mkv,.,.mkv,,Memoria 3,F:\American Pastoral HD.mkv,2026-08-20
American Pie - Ancora Insieme,Film,,,,American Pie - Ancora Insieme HD.mkv,.,.mkv,2395.0,Memoria 1,F:\Film Miei HD\American Pie - Ancora Insieme HD.mkv,2026-08-20
American Pie - Il Matrimonio,Film,,,,American Pie - Il Matrimonio HD.mkv,.,.mkv,,Memoria 3,F:\American Pie - Il Matrimonio HD.mkv,2026-08-20
American Sniper,Film,,,,American Sniper HD.mkv,.,.mkv,5313.5,Memoria 1,F:\Film Miei HD\American Sniper HD.mkv,2026-08-20
Anarchia - La Notte Del Giudizio,Film,,,,Anarchia - La Notte Del Giudizio HD.mkv,.,.mkv,9197.9,Memoria 1,F:\Film Miei HD\Anarchia - La Notte Del Giudizio HD.mkv,2026-08-20
Angry Birds,Film,,,,Angry Birds HD.mkv,.,.mkv,,Memoria 3,F:\Angry Birds HD.mkv,2026-08-20
Animali Fantastici E Dove Trovarli,Film,,,,Animali Fantastici E Dove Trovarli HD.mkv,.,.mkv,,Memoria 3,F:\Animali Fantastici E Dove Trovarli HD.mkv,2026-08-20
Animali Notturni,Film,,,,Animali Notturni HD.mkv,.,.mkv,,Memoria 3,F:\Animali Notturni HD.mkv,2026-08-20
Anna Karenina,Film,,,,Anna Karenina HD.mkv,.,.mkv,,Memoria 3,F:\Anna Karenina HD.mkv,2026-08-20
Annapolis,Film,,,,Annapolis HD.mkv,.,.mkv,6948.6,Memoria 1,F:\Film Miei HD\Annapolis HD.mkv,2026-08-20
Anni Felici,Film,,,,Anni Felici HD.mkv,.,.mkv,2062.3,Memoria 1,F:\Film Miei HD\Anni Felici HD.mkv,2026-08-20
Annie Hall,Film,,,,Annie Hall HD.mkv,.,.mkv,6303.0,Memoria 2,F:Annie Hall HD.mkv,2026-08-20
Ant-Man,Film,,,,Ant-Man HD.mkv,.,.mkv,,Memoria 3,F:\Ant-Man HD.mkv,2026-08-20
Apes Revolution,Film,,,,Apes Revolution HD.mkv,.,.mkv,11276.5,Memoria 1,F:\Film Miei HD\Apes Revolution HD.mkv,2026-08-20
Arancia Meccanica,Film,,,,Arancia Meccanica HD.mkv,.,.mkv,4486.4,Memoria 1,F:\Film Miei HD\Arancia Meccanica HD.mkv,2026-08-20
Arrival,Film,,,,Arrival HD.mkv,.,.mkv,,Memoria 3,F:\Arrival HD.mkv,2026-08-20
Assassinio Sull'Orient Express,Film,,,,Assassinio Sull'Orient Express HD.mkv,.,.mkv,,Memoria 3,F:\Assassinio Sull'Orient Express HD.mkv,2026-08-20
Attacco Al Potere 3,Film,,,,Attacco Al Potere 3 HD.mkv,.,.mkv,,Memoria 3,F:\Attacco Al Potere 3 HD.mkv,2026-08-20
Ave Cesare,Film,,,,Ave Cesare HD.mkv,.,.mkv,11165.0,Memoria 2,F:Ave Cesare HD.mkv,2026-08-20
Avengers - Age Of Ultron,Film,,,,Avengers - Age Of Ultron HD.mkv,.,.mkv,,Memoria 3,F:\Avengers - Age Of Ultron HD.mkv,2026-08-20
Avengers - Infinity War,Film,,,,Avengers - Infinity War HD.mkv,.,.mkv,,Memoria 3,F:\Avengers - Infinity War HD.mkv,2026-08-20
Avengers Endgame,Film,,,,Avengers Endgame HD.mkv,.,.mkv,,Memoria 3,F:\Avengers Endgame HD.mkv,2026-08-20
Baby Driver - Il Genio Della Fuga,Film,,,,Baby Driver - Il Genio Della Fuga HD.mkv,.,.mkv,,Memoria 3,F:\Baby Driver - Il Genio Della Fuga HD.mkv,2026-08-20
Bad Boys,Film,,,,Bad Boys HD.mkv,.,.mkv,8147.9,Memoria 2,F:Bad Boys HD.mkv,2026-08-20
Bad Guy,Film,,,,Bad Guy HD.mkv,.,.mkv,,Memoria 3,F:\Bad Guy HD.mkv,2026-08-20
Bad Moms - Mamme Molto Cattive,Film,,,,Bad Moms - Mamme Molto Cattive HD.mkv,.,.mkv,,Memoria 3,F:\Bad Moms - Mamme Molto Cattive HD.mkv,2026-08-20
Barriere,Film,,,,Barriere HD.mkv,.,.mkv,,Memoria 3,F:\Barriere HD.mkv,2026-08-20
Barry Seal - Una Storia Americana,Film,,,,Barry Seal - Una Storia Americana HD.mkv,.,.mkv,,Memoria 3,F:\Barry Seal - Una Storia Americana HD.mkv,2026-08-20
Basic Instinct,Film,,,,Basic Instinct HD.mkv,.,.mkv,4476.4,Memoria 1,F:\Film Miei HD\Basic Instinct HD.mkv,2026-08-20
Bastardi Senza Gloria,Film,,,,Bastardi Senza Gloria HD.mkv,.,.mkv,8148.8,Memoria 1,F:\Film Miei HD\Bastardi Senza Gloria HD.mkv,2026-08-20
Batman Begins,Film,,,,Batman Begins HD.mkv,.,.mkv,10096.3,Memoria 1,F:\Film Miei HD\Batman Begins HD.mkv,2026-08-20
Batman Returns,Film,,,,Batman Returns HD.mkv,.,.mkv,9231.8,Memoria 1,F:\Film Miei HD\Batman Returns HD.mkv,2026-08-20
Batman Vs Superman - Down Of Justice,Film,,,,Batman Vs Superman - Down Of Justice (Extended) HD.mkv,.,.mkv,16261.8,Memoria 2,F:Batman Vs Superman - Down Of Justice (Extended) HD.mkv,2026-08-20
Baywatch,Film,,,,Baywatch HD.mkv,.,.mkv,,Memoria 3,F:\Baywatch HD.mkv,2026-08-20
Beata Ignoranza,Film,,,,Beata Ignoranza HD.mkv,.,.mkv,,Memoria 3,F:\Beata Ignoranza HD.mkv,2026-08-20
Ben Hur,Film,,,,Ben Hur HD.mkv,.,.mkv,4900.0,Memoria 1,F:\Film Miei HD\Ben Hur HD.mkv,2026-08-20
Benvenuti Al Nord,Film,,,,Benvenuti Al Nord HD.mkv,.,.mkv,,Memoria 3,F:\Benvenuti Al Nord HD.mkv,2026-08-20
Benvenuti Al Sud,Film,,,,Benvenuti Al Sud HD.mkv,.,.mkv,,Memoria 3,F:\Benvenuti Al Sud HD.mkv,2026-08-20
Berlin Calling,Film,,,,Berlin Calling HD.mkv,.,.mkv,,Memoria 3,F:\Berlin Calling HD.mkv,2026-08-20
Bianca E bernie Nella Terra Dei Canguri,Film,,,,Bianca E bernie Nella Terra Dei Canguri HD.mkv,.,.mkv,6593.1,Memoria 2,F:Bianca E bernie Nella Terra Dei Canguri HD.mkv,2026-08-20
Big Eyes,Film,,,,Big Eyes HD.mkv,.,.mkv,10936.8,Memoria 1,F:\Film Miei HD\Big Eyes HD.mkv,2026-08-20
Billy Linn - Un Giorno Da Eroe,Film,,,,Billy Linn - Un Giorno Da Eroe HD.mkv,.,.mkv,,Memoria 3,F:\Billy Linn - Un Giorno Da Eroe HD.mkv,2026-08-20
Birdman,Film,,,,Birdman HD.mkv,.,.mkv,10720.1,Memoria 1,F:\Film Miei HD\Birdman HD.mkv,2026-08-20
Black Mass - L'Ultimo Gangster,Film,,,,Black Mass - L'Ultimo Gangster HD.mkv,.,.mkv,3883.9,Memoria 2,F:Black Mass - L'Ultimo Gangster HD.mkv,2026-08-20
Blackhat,Film,,,,Blackhat HD.mkv,.,.mkv,14943.3,Memoria 1,F:\Film Miei HD\Blackhat HD.mkv,2026-08-20
Blade Runner,Film,,,,Blade Runner HD.mkv,.,.mkv,,Memoria 3,F:\Blade Runner HD.mkv,2026-08-20
Blade Runner 2049,Film,,,,Blade Runner 2049 HD.mkv,.,.mkv,,Memoria 3,F:\Blade Runner 2049 HD.mkv,2026-08-20
Bleed - Più Forte Del Destino,Film,,,,Bleed - Più Forte Del Destino HD.mkv,.,.mkv,,Memoria 3,F:\Bleed - Più Forte Del Destino HD.mkv,2026-08-20
Blood Diamond,Film,,,,Blood Diamond HD.mkv,.,.mkv,8144.8,Memoria 1,F:\Film Miei HD\Blood Diamond HD.mkv,2026-08-20
Blow,Film,,,,Blow HD.mkv,.,.mkv,8529.6,Memoria 1,F:\Film Miei HD\Blow HD.mkv,2026-08-20
Blue Jasmine,Film,,,,Blue Jasmine HD.mkv,.,.mkv,8128.7,Memoria 2,F:Blue Jasmine HD.mkv,2026-08-20
Blues Brothers II,Film,,,,Blues Brothers II HD.mkv,.,.mkv,8146.9,Memoria 2,F:Blues Brothers II HD.mkv,2026-08-20
Bright,Film,,,,Bright HD.mkv,.,.mkv,,Memoria 3,F:\Bright HD.mkv,2026-08-20
Bruce Lee - Fist Of Fury,Film,,,,Bruce Lee - Fist Of Fury HD.mkv,.,.mkv,,Memoria 3,F:\Bruce Lee - Fist Of Fury HD.mkv,2026-08-20
Bruce Lee - The Big Boss,Film,,,,Bruce Lee - The Big Boss HD.mkv,.,.mkv,,Memoria 3,F:\Bruce Lee - The Big Boss HD.mkv,2026-08-20
Bruce Lee - The Way Of Dragon,Film,,,,Bruce Lee - The Way Of Dragon HD.mkv,.,.mkv,,Memoria 3,F:\Bruce Lee - The Way Of Dragon HD.mkv,2026-08-20
Buon Compleanno Mr Grape,Film,,,,Buon Compleanno Mr.Grape HD.mkv,.,.mkv,4975.7,Memoria 1,F:\Film Miei HD\Buon Compleanno Mr.Grape HD.mkv,2026-08-20
C'Era Una Volta A Hollywood,Film,,,,C'Era Una Volta A... Hollywood HD.mkv,.,.mkv,,Memoria 3,F:\C'Era Una Volta A... Hollywood HD.mkv,2026-08-20
C'Era Una Volta In America,Film,,,,C'Era Una Volta In America HD.mkv,.,.mkv,13409.9,Memoria 1,F:\Film Miei HD\C'Era Una Volta In America HD.mkv,2026-08-20
Camera Con Vista,Film,,,,Camera Con Vista HD.mkv,.,.mkv,,Memoria 3,F:\Camera Con Vista HD.mkv,2026-08-20
Capitan America - Civil War,Film,,,,Capitan America - Civil War HD.mkv,.,.mkv,,Memoria 3,F:\Capitan America - Civil War HD.mkv,2026-08-20
Capitan America 2 - The Winter Soldier,Film,,,,Capitan America 2 - The Winter Soldier HD.mkv,.,.mkv,4788.4,Memoria 1,F:\Film Miei HD\Capitan America 2 - The Winter Soldier HD.mkv,2026-08-20
Captain America - Civil War,Film,,,,Captain America - Civil War HD.mkv,.,.mkv,6348.9,Memoria 2,F:Captain America - Civil War HD.mkv,2026-08-20
Captain Marvel,Film,,,,Captain Marvel HD.mkv,.,.mkv,,Memoria 3,F:\Captain Marvel HD.mkv,2026-08-20
Carol,Film,,,,Carol HD.mkv,.,.mkv,,Memoria 3,F:\Carol HD.mkv,2026-08-20
Cars - Motori Ruggenti,Film,,,,(Pixar) - Cars - Motori Ruggenti HD.mkv,.,.mkv,,Memoria 3,F:\(Pixar) - Cars - Motori Ruggenti HD.mkv,2026-08-20
Cars 2,Film,,,,(Pixar) - Cars 2 HD.mkv,.,.mkv,,Memoria 3,F:\(Pixar) - Cars 2 HD.mkv,2026-08-20
Cattivi Vicini,Film,,,,Cattivi Vicini HD.mkv,.,.mkv,4903.2,Memoria 2,F:Cattivi Vicini HD.mkv,2026-08-20
Cattivi Vicini 2,Film,,,,Cattivi Vicini 2 HD.mkv,.,.mkv,,Memoria 3,F:\Cattivi Vicini 2 HD.mkv,2026-08-20
Cena Con Delitto,Film,,,,Cena Con Delitto HD.mkv,.,.mkv,,Memoria 3,F:\Cena Con Delitto HD.mkv,2026-08-20
Che Fine Hanno Fatto I Morgan,Film,,,,Che Fine Hanno Fatto I Morgan HD.mkv,.,.mkv,4484.8,Memoria 1,F:\Film Miei HD\Che Fine Hanno Fatto I Morgan HD.mkv,2026-08-20
Chiamami Col Tuo Nome,Film,,,,Chiamami Col Tuo Nome HD.mkv,.,.mkv,,Memoria 3,F:\Chiamami Col Tuo Nome HD.mkv,2026-08-20
Chloe - Tra Seduzione E Inganno,Film,,,,Chloe - Tra Seduzione E Inganno HD.mkv,.,.mkv,10417.7,Memoria 1,F:\Film Miei HD\Chloe - Tra Seduzione E Inganno HD.mkv,2026-08-20
Chronicle,Film,,,,Chronicle HD.mkv,.,.mkv,8144.9,Memoria 1,F:\Film Miei HD\Chronicle HD.mkv,2026-08-20
Cinquanta Sfumature Di Grigio,Film,,,,Cinquanta Sfumature Di Grigio HD.mkv,.,.mkv,9576.5,Memoria 1,F:\Film Miei HD\Cinquanta Sfumature Di Grigio HD.mkv,2026-08-20
Cinquanta Sfumature Di Nero,Film,,,,Cinquanta Sfumature Di Nero HD.mkv,.,.mkv,,Memoria 3,F:\Cinquanta Sfumature Di Nero HD.mkv,2026-08-20
Cinquanta Sfumature Di Rosso,Film,,,,Cinquanta Sfumature Di Rosso HD.mkv,.,.mkv,,Memoria 3,F:\Cinquanta Sfumature Di Rosso HD.mkv,2026-08-20
Closer,Film,,,,Closer HD.mkv,.,.mkv,4484.0,Memoria 1,F:\Film Miei HD\Closer HD.mkv,2026-08-20
Cloud Atlas,Film,,,,Cloud Atlas HD.mkv,.,.mkv,11746.3,Memoria 1,F:\Film Miei HD\Cloud Atlas HD.mkv,2026-08-20
Cloverfield Lane,Film,,,,Cloverfield Lane HD.mkv,.,.mkv,,Memoria 3,F:\Cloverfield Lane HD.mkv,2026-08-20
Cocktail,Film,,,,Cocktail HD.mkv,.,.mkv,,Memoria 3,F:\Cocktail HD.mkv,2026-08-20
Coco,Film,,,,Coco HD.mkv,.,.mkv,,Memoria 3,F:\Coco HD.mkv,2026-08-20
Codice Criminale,Film,,,,Codice Criminale HD.mkv,.,.mkv,,Memoria 3,F:\Codice Criminale HD.mkv,2026-08-20
Codice Unlocked,Film,,,,Codice Unlocked HD.mkv,.,.mkv,,Memoria 3,F:\Codice Unlocked HD.mkv,2026-08-20
Collateral Beauty,Film,,,,Collateral Beauty HD.mkv,.,.mkv,,Memoria 3,F:\Collateral Beauty HD.mkv,2026-08-20
Colpa Delle Stelle,Film,,,,Colpa Delle Stelle HD.mkv,.,.mkv,8248.3,Memoria 1,F:\Film Miei HD\Colpa Delle Stelle HD.mkv,2026-08-20
Come Ammazzare Il Capo 2,Film,,,,Come Ammazzare Il Capo 2 HD.mkv,.,.mkv,7288.6,Memoria 1,F:\Film Miei HD\Come Ammazzare Il Capo 2 HD.mkv,2026-08-20
Come Ammazzare Il Capo E Vivere Felici,Film,,,,Come Ammazzare Il Capo E Vivere Felici HD.mkv,.,.mkv,5870.5,Memoria 1,F:\Film Miei HD\Come Ammazzare Il Capo E Vivere Felici HD.mkv,2026-08-20
Come Ti Ammazzo Il Bodyguard,Film,,,,Come Ti Ammazzo Il Bodyguard HD.mkv,.,.mkv,,Memoria 3,F:\Come Ti Ammazzo Il Bodyguard HD.mkv,2026-08-20
Come Ti Rovino Le Vacanze,Film,,,,Come Ti Rovino Le Vacanze HD.mkv,.,.mkv,,Memoria 3,F:\Come Ti Rovino Le Vacanze HD.mkv,2026-08-20
Come Ti Spaccio La Famiglia,Film,,,,Come Ti Spaccio La Famiglia HD.mkv,.,.mkv,9661.6,Memoria 1,F:\Film Miei HD\Come Ti Spaccio La Famiglia HD.mkv,2026-08-20
Come Un Tuono,Film,,,,Come Un Tuono HD.mkv,.,.mkv,,Memoria 3,F:\Come Un Tuono HD.mkv,2026-08-20
Confessioni Di Una Mente Pericolosa,Film,,,,Confessioni Di Una Mente Pericolosa HD.mkv,.,.mkv,,Memoria 3,F:\Confessioni Di Una Mente Pericolosa HD.mkv,2026-08-20
Contagion,Film,,,,Contagion HD.mkv,.,.mkv,4485.1,Memoria 1,F:\Film Miei HD\Contagion HD.mkv,2026-08-20
Crazy Dirty Cops,Film,,,,Crazy Dirty Cops HD.mkv,.,.mkv,,Memoria 3,F:\Crazy Dirty Cops HD.mkv,2026-08-20
"Crazy, Stupid, Love",Film,,,,"Crazy, Stupid, Love HD.mkv",.,.mkv,8135.0,Memoria 1,"F:\Film Miei HD\Crazy, Stupid, Love HD.mkv",2026-08-20
Creed,Film,,,,Creed HD.mkv,.,.mkv,12869.6,Memoria 2,F:Creed HD.mkv,2026-08-20
Crimson Peak,Film,,,,Crimson Peak HD.mkv,.,.mkv,11289.7,Memoria 2,F:Crimson Peak HD.mkv,2026-08-20
Crimson Peak,Film,,,,Crimson Peak HD.mkv,.,.mkv,,Memoria 3,F:\Crimson Peak HD.mkv,2026-08-20
Cruel Intentions,Film,,,,Cruel Intentions HD.mkv,.,.mkv,,Memoria 3,F:\Cruel Intentions HD.mkv,2026-08-20
Daddy's Home,Film,,,,Daddy's Home HD.mkv,.,.mkv,,Memoria 3,F:\Daddy's Home HD.mkv,2026-08-20
Dallas Buyers Club,Film,,,,Dallas Buyers Club HD.mkv,.,.mkv,2737.7,Memoria 1,F:\Film Miei HD\Dallas Buyers Club HD.mkv,2026-08-20
Deadpool,Film,,,,Deadpool HD.mkv,.,.mkv,9370.1,Memoria 2,F:Deadpool HD.mkv,2026-08-20
Deadpool 2,Film,,,,Deadpool 2 HD.mkv,.,.mkv,,Memoria 3,F:\Deadpool 2 HD.mkv,2026-08-20
Death Note,Film,,,,Death Note HD.mkv,.,.mkv,,Memoria 3,F:\Death Note HD.mkv,2026-08-20
Deepwater - Inferno Sull'Oceano,Film,,,,Deepwater - Inferno Sull'Oceano HD.mkv,.,.mkv,,Memoria 3,F:\Deepwater - Inferno Sull'Oceano HD.mkv,2026-08-20
Defiance,Film,,,,Defiance HD.mkv,.,.mkv,10538.5,Memoria 1,F:\Film Miei HD\Defiance HD.mkv,2026-08-20
Demolition - Amare E Vivere,Film,,,,Demolition - Amare E Vivere HD.mkv,.,.mkv,,Memoria 3,F:\Demolition - Amare E Vivere HD.mkv,2026-08-20
Detachment - Il Distacco,Film,,,,Detachment - Il Distacco HD.mkv,.,.mkv,,Memoria 3,F:\Detachment - Il Distacco HD.mkv,2026-08-20
Detroit,Film,,,,Detroit HD.mkv,.,.mkv,,Memoria 3,F:\Detroit HD.mkv,2026-08-20
Dickens - L'Uomo Che Inventò Il Natale,Film,,,,Dickens - L'Uomo Che Inventò Il Natale HD.mkv,.,.mkv,,Memoria 3,F:\Dickens - L'Uomo Che Inventò Il Natale HD.mkv,2026-08-20
Die Hard Trappola Di Cristallo,Film,,,,Die Hard Trappola Di Cristallo HD.mkv,.,.mkv,2242.3,Memoria 1,F:\Film Miei HD\Die Hard Trappola Di Cristallo HD.mkv,2026-08-20
Divergent,Film,,,,Divergent HD.mkv,.,.mkv,9379.9,Memoria 2,F:Divergent HD.mkv,2026-08-20
Django Unchained,Film,,,,Django Unchained HD.mkv,.,.mkv,19634.2,Memoria 1,F:\Film Miei HD\Django Unchained HD.mkv,2026-08-20
Doctor Strange,Film,,,,Doctor Strange HD.mkv,.,.mkv,,Memoria 3,F:\Doctor Strange HD.mkv,2026-08-20
Dogman,Film,,,,Dogman HD.mkv,.,.mkv,,Memoria 3,F:\Dogman HD.mkv,2026-08-20
Don Jon,Film,,,,Don Jon HD.mkv,.,.mkv,5871.3,Memoria 1,F:\Film Miei HD\Don Jon HD.mkv,2026-08-20
Dracula Untold,Film,,,,Dracula Untold HD.mkv,.,.mkv,7984.8,Memoria 1,F:\Film Miei HD\Dracula Untold HD.mkv,2026-08-20
Dumbo,Film,,,,Dumbo HD.mkv,.,.mkv,,Memoria 3,F:\Dumbo HD.mkv,2026-08-20
Dunkirk,Film,,,,Dunkirk HD.mkv,.,.mkv,,Memoria 3,F:\Dunkirk HD.mkv,2026-08-20
E' Solo La Fine Del Mondo,Film,,,,E' Solo La Fine Del Mondo HD.mkv,.,.mkv,,Memoria 3,F:\E' Solo La Fine Del Mondo HD.mkv,2026-08-20
Eddie The Eagle - Il Coraggio Della Follia,Film,,,,Eddie The Eagle - Il Coraggio Della Follia HD.mkv,.,.mkv,,Memoria 3,F:\Eddie The Eagle - Il Coraggio Della Follia HD.mkv,2026-08-20
Edward Mani Di Forbice,Film,,,,Edward Mani Di Forbice HD.mkv,.,.mkv,4478.1,Memoria 1,F:\Film Miei HD\Edward Mani Di Forbice HD.mkv,2026-08-20
Elle,Film,,,,Elle HD.mkv,.,.mkv,,Memoria 3,F:\Elle HD.mkv,2026-08-20
Elvis E Nixon,Film,,,,Elvis E Nixon HD.mkv,.,.mkv,,Memoria 3,F:\Elvis E Nixon HD.mkv,2026-08-20
Elysium,Film,,,,Elysium HD.mkv,.,.mkv,11599.8,Memoria 1,F:\Film Miei HD\Elysium HD.mkv,2026-08-20
Emperor,Film,,,,Emperor HD.mkv,.,.mkv,,Memoria 3,F:\Emperor HD.mkv,2026-08-20
Empire Of The Sun,Film,,,,Empire Of The Sun HD.mkv,.,.mkv,4489.2,Memoria 1,F:\Film Miei HD\Empire Of The Sun HD.mkv,2026-08-20
Ender’s Game,Film,,,,Ender’s Game HD.mkv,.,.mkv,5866.0,Memoria 1,F:\Film Miei HD\Ender’s Game HD.mkv,2026-08-20
Enemy,Film,,,,Enemy HQ.avi,.,.avi,,Memoria 3,F:\Enemy HQ.avi,2026-08-20
Enemy At The Gates,Film,,,,Enemy At The Gates HD.mkv,.,.mkv,,Memoria 3,F:\Enemy At The Gates HD.mkv,2026-08-20
Everest,Film,,,,Everest HD.mkv,.,.mkv,8219.5,Memoria 2,F:Everest HD.mkv,2026-08-20
Eyes Wide Shut,Film,,,,Eyes Wide Shut HD.mkv,.,.mkv,8147.7,Memoria 1,F:\Film Miei HD\Eyes Wide Shut HD.mkv,2026-08-20
Facciamola Finita,Film,,,,Facciamola Finita HD.mkv,.,.mkv,2464.6,Memoria 1,F:\Film Miei HD\Facciamola Finita HD.mkv,2026-08-20
Fai Bei Sogni,Film,,,,Fai Bei Sogni HD.mkv,.,.mkv,,Memoria 3,F:\Fai Bei Sogni HD.mkv,2026-08-20
Falchi,Film,,,,Falchi HD.mkv,.,.mkv,,Memoria 3,F:\Falchi HD.mkv,2026-08-20
Fallo,Film,,,,Fallo HD.mkv,.,.mkv,,Memoria 3,F:\Fallo HD.mkv,2026-08-20
Far And Away,Film,,,,Far And Away HD.mkv,.,.mkv,,Memoria 3,F:\Far And Away HD.mkv,2026-08-20
Fast & Furious 6,Film,,,,Fast & Furious 6 HD.mkv,.,.mkv,,Memoria 3,F:\Fast & Furious 6 HD.mkv,2026-08-20
Fast & Furious 8,Film,,,,Fast & Furious 8 HD.mkv,.,.mkv,,Memoria 3,F:\Fast & Furious 8 HD.mkv,2026-08-20
Fast & Furious Hobbs & Shaw,Film,,,,Fast & Furious Hobbs & Shaw HD.mkv,.,.mkv,,Memoria 3,F:\Fast & Furious Hobbs & Shaw HD.mkv,2026-08-20
Fast And Furious,Film,,,,Fast And Furious HD.mkv,.,.mkv,8140.6,Memoria 1,F:\Film Miei HD\Fast And Furious HD.mkv,2026-08-20
Fast And Furious 5,Film,,,,Fast And Furious 5 HD.mkv,.,.mkv,8144.9,Memoria 1,F:\Film Miei HD\Fast And Furious 5 HD.mkv,2026-08-20
Fast And Furious 8,Film,,,,Fast And Furious 8 HD.mkv,.,.mkv,,Memoria 3,F:\Fast And Furious 8 HD.mkv,2026-08-20
Fast And Furious Solo Parti Originali,Film,,,,Fast And Furious Solo Parti Originali HD.mkv,.,.mkv,4470.5,Memoria 1,F:\Film Miei HD\Fast And Furious Solo Parti Originali HD.mkv,2026-08-20
Fight Club,Film,,,,Fight Club HD.mkv,.,.mkv,4480.8,Memoria 1,F:\Film Miei HD\Fight Club HD.mkv,2026-08-20
Focus - Niente E' Come Sembra,Film,,,,Focus - Niente E' Come Sembra HD.mkv,.,.mkv,7657.9,Memoria 2,F:Focus - Niente E' Come Sembra HD.mkv,2026-08-20
Forrest Gump,Film,,,,Forrest Gump HD.mkv,.,.mkv,8148.6,Memoria 1,F:\Film Miei HD\Forrest Gump HD.mkv,2026-08-20
Fortunata,Film,,,,Fortunata HD.mkv,.,.mkv,,Memoria 3,F:\Fortunata HD.mkv,2026-08-20
Fratelli Unici,Film,,,,Fratelli Unici HD.mkv,.,.mkv,6842.6,Memoria 2,F:Fratelli Unici HD.mkv,2026-08-20
Frozen - Il Regno Di Ghiaccio,Film,,,,Frozen - Il Regno Di Ghiaccio HD.mkv,.,.mkv,8845.7,Memoria 1,F:\Film Miei HD\Frozen - Il Regno Di Ghiaccio HD.mkv,2026-08-20
Full Metal Jacked,Film,,,,Full Metal Jacked HD.mkv,.,.mkv,4475.6,Memoria 1,F:\Film Miei HD\Full Metal Jacked HD.mkv,2026-08-20
G I Joe - La Nascita Dei Cobra,Film,,,,G.I.Joe - La Nascita Dei Cobra HD.mkv,.,.mkv,4468.2,Memoria 1,F:\Film Miei HD\G.I.Joe - La Nascita Dei Cobra HD.mkv,2026-08-20
Gagarin - Primo Nello Spazio,Film,,,,Gagarin - Primo Nello Spazio HD.mkv,.,.mkv,10957.8,Memoria 2,F:Gagarin - Primo Nello Spazio HD.mkv,2026-08-20
Game Night - Indovina Chi Muore Stasera,Film,,,,Game Night - Indovina Chi Muore Stasera HD.mkv,.,.mkv,,Memoria 3,F:\Game Night - Indovina Chi Muore Stasera HD.mkv,2026-08-20
Gamer,Film,,,,Gamer HD.mkv,.,.mkv,2230.5,Memoria 1,F:\Film Miei HD\Gamer HD.mkv,2026-08-20
Gemini Man,Film,,,,Gemini Man HD.mkv,.,.mkv,,Memoria 3,F:\Gemini Man HD.mkv,2026-08-20
Genius,Film,,,,Genius HD.mkv,.,.mkv,,Memoria 3,F:\Genius HD.mkv,2026-08-20
Geostorm,Film,,,,Geostorm HD.mkv,.,.mkv,,Memoria 3,F:\Geostorm HD.mkv,2026-08-20
Gerald's Game,Film,,,,Gerald's Game HD.mkv,.,.mkv,,Memoria 3,F:\Gerald's Game HD.mkv,2026-08-20
Ghost In The Shell,Film,,,,Ghost In The Shell HD.mkv,.,.mkv,,Memoria 3,F:\Ghost In The Shell HD.mkv,2026-08-20
Gifted Il Dono Del Talento,Film,,,,Gifted Il Dono Del Talento HD.mkv,.,.mkv,,Memoria 3,F:\Gifted Il Dono Del Talento HD.mkv,2026-08-20
Giovani Ribelli,Film,,,,Giovani Ribelli HD.mkv,.,.mkv,10201.2,Memoria 1,F:\Film Miei HD\Giovani Ribelli HD.mkv,2026-08-20
Giustizia Privata,Film,,,,Giustizia Privata HD.mkv,.,.mkv,,Memoria 3,F:\Giustizia Privata HD.mkv,2026-08-20
Gli Aristogatti,Film,,,,(Disney) - Gli Aristogatti HD.mkv,.,.mkv,4479.0,Memoria 1,F:\Film Miei HD\(Disney) - Gli Aristogatti HD.mkv,2026-08-20
Gli Intoccabili,Film,,,,Gli Intoccabili HD.mkv,.,.mkv,,Memoria 3,F:\Gli Intoccabili HD.mkv,2026-08-20
Gods Of Egypt,Film,,,,Gods Of Egypt HD.mkv,.,.mkv,12273.1,Memoria 2,F:Gods Of Egypt HD.mkv,2026-08-20
Godzilla,Film,2014,,,Godzilla (2014) HD.mkv,.,.mkv,12150.0,Memoria 1,F:\Film Miei HD\Godzilla (2014) HD.mkv,2026-08-20
Godzilla II - King Of The Monsters,Film,,,,Godzilla II - King Of The Monsters HD.mkv,.,.mkv,,Memoria 3,F:\Godzilla II - King Of The Monsters HD.mkv,2026-08-20
Grand Budapest Hotel,Film,,,,Grand Budapest Hotel HD.mkv,.,.mkv,4367.7,Memoria 1,F:\Film Miei HD\Grand Budapest Hotel HD.mkv,2026-08-20
Gravity,Film,,,,Gravity HD.mkv,.,.mkv,8851.3,Memoria 1,F:\Film Miei HD\Gravity HD.mkv,2026-08-20
Guardiani Della Galassia,Film,,,,Guardiani Della Galassia HD.mkv,.,.mkv,10252.5,Memoria 1,F:\Film Miei HD\Guardiani Della Galassia HD.mkv,2026-08-20
Guardiani Della Galassia - Vol 2,Film,,,,Guardiani Della Galassia - Vol. 2 HD.mkv,.,.mkv,,Memoria 3,F:\Guardiani Della Galassia - Vol. 2 HD.mkv,2026-08-20
Hancock,Film,,,,Hancock HD (Extended).mkv,.,.mkv,7885.4,Memoria 1,F:\Film Miei HD\Hancock HD (Extended).mkv,2026-08-20
Hardcore,Film,,,,Hardcore HD.mkv,.,.mkv,,Memoria 3,F:\Hardcore HD.mkv,2026-08-20
Harry Potter 1 - La Pietra Filosofale,Film,,,,Harry Potter 1 - La Pietra Filosofale HD.mkv,.,.mkv,9351.0,Memoria 1,F:\Film Miei HD\Harry Potter 1 - La Pietra Filosofale HD.mkv,2026-08-20
Harry Potter 2 - La Camera Dei Segreti,Film,,,,Harry Potter 2 - La Camera Dei Segreti HD.mkv,.,.mkv,8195.9,Memoria 1,F:\Film Miei HD\Harry Potter 2 - La Camera Dei Segreti HD.mkv,2026-08-20
Harry Potter 3 - Il Prigioniero Di Azkaban,Film,,,,Harry Potter 3 - Il Prigioniero Di Azkaban HD.mkv,.,.mkv,9280.9,Memoria 1,F:\Film Miei HD\Harry Potter 3 - Il Prigioniero Di Azkaban HD.mkv,2026-08-20
Harry Potter 4 - Il Calice Di Fuoco,Film,,,,Harry Potter 4 - Il Calice Di Fuoco HD.mkv,.,.mkv,4474.7,Memoria 1,F:\Film Miei HD\Harry Potter 4 - Il Calice Di Fuoco HD.mkv,2026-08-20
Harry Potter 5 - L’Ordine Della Fenice,Film,,,,Harry Potter 5 - L’Ordine Della Fenice HD.mkv,.,.mkv,8111.7,Memoria 1,F:\Film Miei HD\Harry Potter 5 - L’Ordine Della Fenice HD.mkv,2026-08-20
Harry Potter 6 - Il Principe Mezzosangue,Film,,,,Harry Potter 6 - Il Principe Mezzosangue HD.mkv,.,.mkv,15447.8,Memoria 1,F:\Film Miei HD\Harry Potter 6 - Il Principe Mezzosangue HD.mkv,2026-08-20
Harry Potter 7 - I Doni Della Morte - Parte I,Film,,,,Harry Potter 7 - I Doni Della Morte - Parte I HD.mkv,.,.mkv,5871.4,Memoria 1,F:\Film Miei HD\Harry Potter 7 - I Doni Della Morte - Parte I HD.mkv,2026-08-20
Harry Potter 7 - I Doni Della Morte - Parte II,Film,,,,Harry Potter 7 - I Doni Della Morte - Parte II HD.mkv,.,.mkv,5867.9,Memoria 1,F:\Film Miei HD\Harry Potter 7 - I Doni Della Morte - Parte II HD.mkv,2026-08-20
Harry Ti Presento Sally,Film,,,,Harry Ti Presento Sally HD.mkv,.,.mkv,4485.5,Memoria 1,F:\Film Miei HD\Harry Ti Presento Sally HD.mkv,2026-08-20
Harsh Times,Film,,,,Harsh Times HD.mkv,.,.mkv,8149.9,Memoria 1,F:\Film Miei HD\Harsh Times HD.mkv,2026-08-20
Heart Of The Sea - Le Origini Di Moby Dick,Film,,,,Heart Of The Sea - Le Origini Di Moby Dick HD.mkv,.,.mkv,8774.2,Memoria 2,F:Heart Of The Sea - Le Origini Di Moby Dick HD.mkv,2026-08-20
Hercules,Film,,,,(Disney) - Hercules HD.mkv,.,.mkv,4484.3,Memoria 1,F:\Film Miei HD\(Disney) - Hercules HD.mkv,2026-08-20
Hercules - Il Guerriero,Film,,,,Hercules - Il Guerriero HD.mkv,.,.mkv,8764.7,Memoria 1,F:\Film Miei HD\Hercules - Il Guerriero HD.mkv,2026-08-20
Hollywood Ending,Film,,,,Hollywood Ending HD.mkv,.,.mkv,,Memoria 3,F:\Hollywood Ending HD.mkv,2026-08-20
Holy Motors,Film,,,,Holy Motors HD.mkv,.,.mkv,,Memoria 3,F:\Holy Motors HD.mkv,2026-08-20
Hulk,Film,,,,Hulk.mkv,.,.mkv,,Memoria 3,F:\Hulk.mkv,2026-08-20
Hunger Games,Film,,,,Hunger Games HD.mkv,.,.mkv,8143.8,Memoria 1,F:\Film Miei HD\Hunger Games HD.mkv,2026-08-20
Hunger Games - Il Canto Della Rivolta - PT 1,Film,,,,Hunger Games - Il Canto Della Rivolta - PT 1 HD.mkv,.,.mkv,12294.4,Memoria 2,F:Hunger Games - Il Canto Della Rivolta - PT 1 HD.mkv,2026-08-20
Hunger Games - Il Canto Della Rivolta - PT 2,Film,,,,Hunger Games - Il Canto Della Rivolta - PT 2 HD.mkv,.,.mkv,11060.8,Memoria 2,F:Hunger Games - Il Canto Della Rivolta - PT 2 HD.mkv,2026-08-20
Hunger Games - La Ragazza Di Fuoco,Film,,,,Hunger Games - La Ragazza Di Fuoco HD.mkv,.,.mkv,4346.6,Memoria 2,F:Hunger Games - La Ragazza Di Fuoco HD.mkv,2026-08-20
Hunter x Hunter - Film,Film,,,,HxH_Movie_01(WA).mp4,Hunter x Hunter\Movie,.mp4,,Memoria S,F:\SERIE TV\Hunter x Hunter\Hunter x Hunter\Movie\HxH_Movie_01(WA).mp4,2026-08-20
Hunter x Hunter - Film,Film,,,,HxH_Movie_02_SUB_ITA.mp4,Hunter x Hunter\Movie,.mp4,,Memoria S,F:\SERIE TV\Hunter x Hunter\Hunter x Hunter\Movie\HxH_Movie_02_SUB_ITA.mp4,2026-08-20
I Am Bolt,Film,,,,I Am Bolt HD.mkv,.,.mkv,,Memoria 3,F:\I Am Bolt HD.mkv,2026-08-20
I Due Papi,Film,,,,I Due Papi HD.mkv,.,.mkv,,Memoria 3,F:\I Due Papi HD.mkv,2026-08-20
I Fiori Della Guerra,Film,,,,I Fiori Della Guerra HD.mkv,.,.mkv,15765.4,Memoria 1,F:\Film Miei HD\I Fiori Della Guerra HD.mkv,2026-08-20
I Guardiani Del Destino,Film,,,,I Guardiani Del Destino HD.mkv,.,.mkv,8148.7,Memoria 1,F:\Film Miei HD\I Guardiani Del Destino HD.mkv,2026-08-20
I Magnifici 7,Film,1960,,,I Magnifici 7 (1960) HD.mkv,.,.mkv,,Memoria 3,F:\I Magnifici 7 (1960) HD.mkv,2026-08-20
I Pinguini Di Madagascar,Film,,,,I Pinguini Di Madagascar HD.mkv,.,.mkv,7499.1,Memoria 1,F:\Film Miei HD\I Pinguini Di Madagascar HD.mkv,2026-08-20
I Segreti Di Brokeback Mountain,Film,,,,I Segreti Di Brokeback Mountain HD.mkv,.,.mkv,6759.6,Memoria 2,F:I Segreti Di Brokeback Mountain HD.mkv,2026-08-20
I Sogni Segreti Di Walter Mitty,Film,,,,I Sogni Segreti Di Walter Mitty HD.mkv,.,.mkv,11519.7,Memoria 1,F:\Film Miei HD\I Sogni Segreti Di Walter Mitty HD.mkv,2026-08-20
I Sogni Segreti Di Walter Mitty,Film,,,,I Sogni Segreti Di Walter Mitty HD.mkv,.,.mkv,11519.7,Memoria 2,F:I Sogni Segreti Di Walter Mitty HD.mkv,2026-08-20
I Soliti Sospetti,Film,,,,I Soliti Sospetti HD.mkv,.,.mkv,4477.5,Memoria 1,F:\Film Miei HD\I Soliti Sospetti HD.mkv,2026-08-20
"Il Buono, Il Brutto, Il Cattivo",Film,,,,"Il Buono, Il Brutto, Il Cattivo HD.mkv",.,.mkv,8149.1,Memoria 1,"F:\Film Miei HD\Il Buono, Il Brutto, Il Cattivo HD.mkv",2026-08-20
Il Capitale Umano,Film,,,,Il Capitale Umano HD.mkv,.,.mkv,8673.5,Memoria 1,F:\Film Miei HD\Il Capitale Umano HD.mkv,2026-08-20
Il Caso Spotlight,Film,,,,Il Caso Spotlight HD.mkv,.,.mkv,,Memoria 3,F:\Il Caso Spotlight HD.mkv,2026-08-20
Il Caso Thomas Crawford,Film,,,,Il Caso Thomas Crawford HD.mkv,.,.mkv,10719.2,Memoria 1,F:\Film Miei HD\Il Caso Thomas Crawford HD.mkv,2026-08-20
Il Cavaliere Oscuro,Film,,,,Il Cavaliere Oscuro HD.mkv,.,.mkv,8733.6,Memoria 1,F:\Film Miei HD\Il Cavaliere Oscuro HD.mkv,2026-08-20
Il Cavaliere Oscuro - Il Ritorno,Film,,,,Il Cavaliere Oscuro - Il Ritorno HD.mkv,.,.mkv,12253.0,Memoria 1,F:\Film Miei HD\Il Cavaliere Oscuro - Il Ritorno HD.mkv,2026-08-20
Il Cavaliere Oscuro - Il Ritorno,Film,,,,Il Cavaliere Oscuro - Il Ritorno HD.mkv,.,.mkv,24174.4,Memoria 2,F:Il Cavaliere Oscuro - Il Ritorno HD.mkv,2026-08-20
Il Cigno Nero,Film,,,,Il Cigno Nero HD.mkv,.,.mkv,8145.4,Memoria 1,F:\Film Miei HD\Il Cigno Nero HD.mkv,2026-08-20
Il Colore Dei Soldi,Film,,,,Il Colore Dei Soldi HD.mkv,.,.mkv,,Memoria 3,F:\Il Colore Dei Soldi HD.mkv,2026-08-20
Il Curioso Caso Di Benjamin Button,Film,,,,Il Curioso Caso Di Benjamin Button HD.mkv,.,.mkv,15860.3,Memoria 1,F:\Film Miei HD\Il Curioso Caso Di Benjamin Button HD.mkv,2026-08-20
Il Diritto Di Uccidere,Film,,,,Il Diritto Di Uccidere HD.mkv,.,.mkv,,Memoria 3,F:\Il Diritto Di Uccidere HD.mkv,2026-08-20
Il Discorso Del Re,Film,,,,Il Discorso Del Re HD.mkv,.,.mkv,8244.5,Memoria 2,F:Il Discorso Del Re HD.mkv,2026-08-20
Il Duro Del Road House,Film,,,,Il Duro Del Road House HD.mkv,.,.mkv,,Memoria 3,F:\Il Duro Del Road House HD.mkv,2026-08-20
Il Fantasma Del Palcoscenico,Film,1974,,,Il Fantasma Del Palcoscenico (1974) HD.mkv,.,.mkv,,Memoria 3,F:\Il Fantasma Del Palcoscenico (1974) HD.mkv,2026-08-20
Il Filo Nascosto,Film,,,,Il Filo Nascosto HD.mkv,.,.mkv,,Memoria 3,F:\Il Filo Nascosto HD.mkv,2026-08-20
Il Fuoco Della Vendetta,Film,,,,Il Fuoco Della Vendetta HD.mkv,.,.mkv,10726.1,Memoria 1,F:\Film Miei HD\Il Fuoco Della Vendetta HD.mkv,2026-08-20
Il Gladiatore,Film,,,,Il Gladiatore HD.mkv,.,.mkv,11711.1,Memoria 1,F:\Film Miei HD\Il Gladiatore HD.mkv,2026-08-20
Il Grande Gatsby,Film,,,,Il Grande Gatsby HD.mkv,.,.mkv,13114.3,Memoria 1,F:\Film Miei HD\Il Grande Gatsby HD.mkv,2026-08-20
Il Grande Lewbosky,Film,,,,Il Grande Lewbosky HD.mkv,.,.mkv,8111.5,Memoria 1,F:\Film Miei HD\Il Grande Lewbosky HD.mkv,2026-08-20
Il Grinch,Film,,,,Il Grinch HD.mkv,.,.mkv,,Memoria 3,F:\Il Grinch HD.mkv,2026-08-20
Il Labirinto Del Fauno,Film,,,,Il Labirinto Del Fauno HD.mkv,.,.mkv,8150.0,Memoria 1,F:\Film Miei HD\Il Labirinto Del Fauno HD.mkv,2026-08-20
Il Lato Positivo,Film,,,,Il Lato Positivo HD.mkv,.,.mkv,8147.2,Memoria 1,F:\Film Miei HD\Il Lato Positivo HD.mkv,2026-08-20
Il Libro Della Giungla,Film,,,,(Disney) - Il Libro Della Giungla HD.mkv,.,.mkv,4484.6,Memoria 1,F:\Film Miei HD\(Disney) - Il Libro Della Giungla HD.mkv,2026-08-20
Il Libro Della Giungla,Film,,,,Il Libro Della Giungla HD.mkv,.,.mkv,,Memoria 3,F:\Il Libro Della Giungla HD.mkv,2026-08-20
Il Meglio Di Me,Film,,,,Il Meglio Di Me HD.mkv,.,.mkv,,Memoria 3,F:\Il Meglio Di Me HD.mkv,2026-08-20
Il Miglio Verde,Film,,,,Il Miglio Verde HD.mkv,.,.mkv,8146.4,Memoria 1,F:\Film Miei HD\Il Miglio Verde HD.mkv,2026-08-20
Il Mistero Dei Templari,Film,,,,Il Mistero Dei Templari HD.mkv,.,.mkv,4479.3,Memoria 1,F:\Film Miei HD\Il Mistero Dei Templari HD.mkv,2026-08-20
Il Padrino,Film,,,,Il Padrino HD.mkv,.,.mkv,8150.7,Memoria 1,F:\Film Miei HD\Il Padrino HD.mkv,2026-08-20
Il Padrino - Parte II,Film,,,,Il Padrino - Parte II HD.mkv,.,.mkv,8148.6,Memoria 1,F:\Film Miei HD\Il Padrino - Parte II HD.mkv,2026-08-20
Il Padrino - Parte III,Film,,,,Il Padrino - Parte III HD.mkv,.,.mkv,8151.0,Memoria 1,F:\Film Miei HD\Il Padrino - Parte III HD.mkv,2026-08-20
Il Permesso - 48 Ore Fuori,Film,,,,Il Permesso - 48 Ore Fuori HD.mkv,.,.mkv,,Memoria 3,F:\Il Permesso - 48 Ore Fuori HD.mkv,2026-08-20
Il Piccolo Principe,Film,,,,Il Piccolo Principe HD.mkv,.,.mkv,8735.5,Memoria 2,F:Il Piccolo Principe HD.mkv,2026-08-20
Il Ponte Delle Spie,Film,,,,Il Ponte Delle Spie HD.mkv,.,.mkv,3631.3,Memoria 2,F:Il Ponte Delle Spie HD.mkv,2026-08-20
Il Predestinato,Film,,,,Il Predestinato HD.mkv,.,.mkv,8498.2,Memoria 1,F:\Film Miei HD\Il Predestinato HD.mkv,2026-08-20
Il Primo Re,Film,,,,Il Primo Re HD.mkv,.,.mkv,,Memoria 3,F:\Il Primo Re HD.mkv,2026-08-20
Il Professore E Il Pazzo,Film,,,,Il Professore E Il Pazzo HD.mkv,.,.mkv,,Memoria 3,F:\Il Professore E Il Pazzo HD.mkv,2026-08-20
Il Ragazzo Invisibile - Seconda Generazione,Film,,,,Il Ragazzo Invisibile - Seconda Generazione HD.mkv,.,.mkv,,Memoria 3,F:\Il Ragazzo Invisibile - Seconda Generazione HD.mkv,2026-08-20
Il Re Leone,Film,,,,(Disney) - Il Re Leone HD.mkv,.,.mkv,4487.6,Memoria 1,F:\Film Miei HD\(Disney) - Il Re Leone HD.mkv,2026-08-20
Il Ricco Il Povero E Il Maggiordomo,Film,,,,Il Ricco Il Povero E Il Maggiordomo HD.mkv,.,.mkv,7098.8,Memoria 1,F:\Film Miei HD\Il Ricco Il Povero E Il Maggiordomo HD.mkv,2026-08-20
Il Sapore Del Successo,Film,,,,Il Sapore Del Successo HD.mkv,.,.mkv,8291.5,Memoria 2,F:Il Sapore Del Successo HD.mkv,2026-08-20
Il Segreto Dei Suoi Occhi,Film,,,,Il Segreto Dei Suoi Occhi HD.mkv,.,.mkv,8344.4,Memoria 2,F:Il Segreto Dei Suoi Occhi HD.mkv,2026-08-20
Il Signore Degli Anelli - Il Ritorno Del Re,Film,,,,Il Signore Degli Anelli - Il Ritorno Del Re HD.mkv,.,.mkv,17792.4,Memoria 1,F:\Film Miei HD\Il Signore Degli Anelli - Il Ritorno Del Re HD.mkv,2026-08-20
Il Signore Degli Anelli - La Compagnia Dell'Anello,Film,,,,Il Signore Degli Anelli - La Compagnia Dell'Anello HD.mkv,.,.mkv,12754.2,Memoria 1,F:\Film Miei HD\Il Signore Degli Anelli - La Compagnia Dell'Anello HD.mkv,2026-08-20
Il Signore Degli Anelli - Le Due Torri,Film,,,,Il Signore Degli Anelli - Le Due Torri HD.mkv,.,.mkv,16277.7,Memoria 1,F:\Film Miei HD\Il Signore Degli Anelli - Le Due Torri HD.mkv,2026-08-20
Il Silenzio Degli Innocenti,Film,,,,Il Silenzio Degli Innocenti HD.mkv,.,.mkv,4477.6,Memoria 1,F:\Film Miei HD\Il Silenzio Degli Innocenti HD.mkv,2026-08-20
Il Talento Di Mr Ripley,Film,,,,Il Talento Di Mr. Ripley HD.mkv,.,.mkv,,Memoria 3,F:\Il Talento Di Mr. Ripley HD.mkv,2026-08-20
Il Traditore Tipo,Film,,,,Il Traditore Tipo HD.mkv,.,.mkv,,Memoria 3,F:\Il Traditore Tipo HD.mkv,2026-08-20
Il Tuo Ultimo Sguardo,Film,,,,Il Tuo Ultimo Sguardo HD.mkv,.,.mkv,,Memoria 3,F:\Il Tuo Ultimo Sguardo HD.mkv,2026-08-20
Il Vampiro Della Porta Accanto,Film,,,,Il Vampiro Della Porta Accanto HD.mkv,.,.mkv,8146.3,Memoria 1,F:\Film Miei HD\Il Vampiro Della Porta Accanto HD.mkv,2026-08-20
Il Viaggio Di Arlo,Film,,,,(Pixar) - Il Viaggio Di Arlo HD.mkv,.,.mkv,,Memoria 3,F:\(Pixar) - Il Viaggio Di Arlo HD.mkv,2026-08-20
In Guerra Per Amore,Film,,,,In Guerra Per Amore HD.mkv,.,.mkv,,Memoria 3,F:\In Guerra Per Amore HD.mkv,2026-08-20
In Time,Film,,,,In Time HD.mkv,.,.mkv,16288.2,Memoria 1,F:\Film Miei HD\In Time HD.mkv,2026-08-20
Inception,Film,,,,Inception HD.mkv,.,.mkv,8149.3,Memoria 1,F:\Film Miei HD\Inception HD.mkv,2026-08-20
Independence Day - Rigenerazione,Film,,,,Independence Day - Rigenerazione HD.mkv,.,.mkv,,Memoria 3,F:\Independence Day - Rigenerazione HD.mkv,2026-08-20
Inferno,Film,,,,Inferno HD.mkv,.,.mkv,,Memoria 3,F:\Inferno HD.mkv,2026-08-20
Inside Out,Film,,,,(Pixar) - Inside Out HD.mkv,.,.mkv,,Memoria 3,F:\(Pixar) - Inside Out HD.mkv,2026-08-20
Intelligenza Artificiale,Film,,,,Intelligenza Artificiale HD.mkv,.,.mkv,7929.7,Memoria 2,F:Intelligenza Artificiale HD.mkv,2026-08-20
Interstellar,Film,,,,Interstellar HD.mkv,.,.mkv,14671.1,Memoria 1,F:\Film Miei HD\Interstellar HD.mkv,2026-08-20
Into The Wild,Film,,,,Into The Wild HD.mkv,.,.mkv,8145.1,Memoria 1,F:\Film Miei HD\Into The Wild HD.mkv,2026-08-20
Io loro e Lara,Film,,,,Io loro e Lara HD.mkv,.,.mkv,1491.3,Memoria 1,F:\Film Miei HD\Io loro e Lara HD.mkv,2026-08-20
Io Robot,Film,,,,Io Robot HD.mkv,.,.mkv,4049.8,Memoria 1,F:\Film Miei HD\Io Robot HD.mkv,2026-08-20
Io Sono Leggenda,Film,,,CD1,Io Sono Leggenda CD1 HD.mkv,.,.mkv,4477.4,Memoria 1,F:\Film Miei HD\Io Sono Leggenda CD1 HD.mkv,2026-08-20
Io Sono Leggenda,Film,,,CD2,Io Sono Leggenda CD2 HD.mkv,.,.mkv,4476.9,Memoria 1,F:\Film Miei HD\Io Sono Leggenda CD2 HD.mkv,2026-08-20
Ip Man 3,Film,,,,Ip Man 3 HD.mkv,.,.mkv,,Memoria 3,F:\Ip Man 3 HD.mkv,2026-08-20
Iron Man,Film,,,,Iron Man HD.mkv,.,.mkv,8144.3,Memoria 1,F:\Film Miei HD\Iron Man HD.mkv,2026-08-20
Iron Man 2,Film,,,,Iron Man 2 HD.mkv,.,.mkv,4476.9,Memoria 1,F:\Film Miei HD\Iron Man 2 HD.mkv,2026-08-20
Iron Man 3,Film,,,,Iron Man 3 HD.mkv,.,.mkv,10365.3,Memoria 1,F:\Film Miei HD\Iron Man 3 HD.mkv,2026-08-20
Iron Sky,Film,,,,Iron Sky HD.mkv,.,.mkv,,Memoria 3,F:\Iron Sky HD.mkv,2026-08-20
Irrational Man,Film,,,,Irrational Man HD.mkv,.,.mkv,7879.5,Memoria 2,F:Irrational Man HD.mkv,2026-08-20
It,Film,,,,It HD.mkv,.,.mkv,,Memoria 3,F:\It HD.mkv,2026-08-20
It Capitolo Uno,Film,,,,It Capitolo Uno HD.mkv,.,.mkv,,Memoria 3,F:\It Capitolo Uno HD.mkv,2026-08-20
It Follows,Film,,,,It Follows HD.mkv,.,.mkv,,Memoria 3,F:\It Follows HD.mkv,2026-08-20
Jackie Brown,Film,,,,Jackie Brown HD.mkv,.,.mkv,,Memoria 3,F:\Jackie Brown HD.mkv,2026-08-20
Jason Bourne,Film,,,,Jason Bourne HD.mkv,.,.mkv,,Memoria 3,F:\Jason Bourne HD.mkv,2026-08-20
JFK - Un caso ancora aperto,Film,,,,JFK - Un caso ancora aperto HD.avi,.,.avi,,Memoria 3,F:\JFK - Un caso ancora aperto HD.avi,2026-08-20
John Carter,Film,,,,John Carter HD.mkv,.,.mkv,20010.4,Memoria 1,F:\Film Miei HD\John Carter HD.mkv,2026-08-20
John Wick,Film,,,,John Wick HD.mkv,.,.mkv,8106.3,Memoria 1,F:\Film Miei HD\John Wick HD.mkv,2026-08-20
John Wick - Capitolo 2,Film,,,,John Wick - Capitolo 2 HD.mkv,.,.mkv,,Memoria 3,F:\John Wick - Capitolo 2 HD.mkv,2026-08-20
John Wick 3 - Parabellum,Film,,,,John Wick 3 - Parabellum HD.mkv,.,.mkv,,Memoria 3,F:\John Wick 3 - Parabellum HD.mkv,2026-08-20
Jumani - Benvenuti Nella Giungla,Film,,,,Jumani - Benvenuti Nella Giungla HD.mkv,.,.mkv,,Memoria 3,F:\Jumani - Benvenuti Nella Giungla HD.mkv,2026-08-20
Jumanji,Film,,,,Jumanji HD.mkv,.,.mkv,8141.0,Memoria 1,F:\Film Miei HD\Jumanji HD.mkv,2026-08-20
Jumanji - The Next Level,Film,,,,Jumanji - The Next Level HD.mkv,.,.mkv,,Memoria 3,F:\Jumanji - The Next Level HD.mkv,2026-08-20
Jurassic Park,Film,,,,Jurassic Park.mkv,.,.mkv,8768.3,Memoria 1,F:\Film Miei HD\Jurassic Park.mkv,2026-08-20
Jurassic Park II,Film,,,,Jurassic Park II.mkv,.,.mkv,8137.8,Memoria 1,F:\Film Miei HD\Jurassic Park II.mkv,2026-08-20
Jurassic Park III,Film,,,,Jurassic Park III.mkv,.,.mkv,8148.7,Memoria 1,F:\Film Miei HD\Jurassic Park III.mkv,2026-08-20
Jurassic World,Film,,,,Jurassic World HD.mkv,.,.mkv,8601.7,Memoria 2,F:Jurassic World HD.mkv,2026-08-20
Jurassic World II - Il Regno Distrutto,Film,,,,Jurassic World II - Il Regno Distrutto HD.mkv,.,.mkv,,Memoria 3,F:\Jurassic World II - Il Regno Distrutto HD.mkv,2026-08-20
Justice League,Film,,,,Justice League HD.mkv,.,.mkv,,Memoria 3,F:\Justice League HD.mkv,2026-08-20
Kill Bill - Vol 1,Film,,,,Kill Bill - Vol 1 HD.mkv,.,.mkv,,Memoria 3,F:\Kill Bill - Vol 1 HD.mkv,2026-08-20
Kill Bill - Vol 2,Film,,,,Kill Bill - Vol 2 HD.mkv,.,.mkv,,Memoria 3,F:\Kill Bill - Vol 2 HD.mkv,2026-08-20
Killer Joe,Film,,,,Killer Joe HD.mkv,.,.mkv,4484.5,Memoria 1,F:\Film Miei HD\Killer Joe HD.mkv,2026-08-20
King Arthur - Il Potere Della Spada,Film,,,,King Arthur - Il Potere Della Spada HD.mkv,.,.mkv,,Memoria 3,F:\King Arthur - Il Potere Della Spada HD.mkv,2026-08-20
King Kong,Film,,,CD1,King Kong CD1 HD.mkv,.,.mkv,4482.8,Memoria 1,F:\Film Miei HD\King Kong CD1 HD.mkv,2026-08-20
King Kong,Film,,,CD2,King Kong CD2 HD.mkv,.,.mkv,4480.1,Memoria 1,F:\Film Miei HD\King Kong CD2 HD.mkv,2026-08-20
Kingsman - Secret Service,Film,,,,Kingsman - Secret Service HD.mkv,.,.mkv,9593.1,Memoria 1,F:\Film Miei HD\Kingsman - Secret Service HD.mkv,2026-08-20
Knight Of Cups,Film,,,,Knight Of Cups HD.mkv,.,.mkv,,Memoria 3,F:\Knight Of Cups HD.mkv,2026-08-20
Kong - Skull Island,Film,,,,Kong - Skull Island HD.mkv,.,.mkv,,Memoria 3,F:\Kong - Skull Island HD.mkv,2026-08-20
Kung Fu Panda 3,Film,,,,Kung Fu Panda 3 HD.mkv,.,.mkv,7548.0,Memoria 2,F:Kung Fu Panda 3 HD.mkv,2026-08-20
L'Abbiamo Fatta Grossa,Film,,,,L'Abbiamo Fatta Grossa HD.mkv,.,.mkv,9171.0,Memoria 2,F:L'Abbiamo Fatta Grossa HD.mkv,2026-08-20
L'Alba Del Pianeta Delle Scimmie,Film,,,,L'Alba Del Pianeta Delle Scimmie HD.mkv,.,.mkv,8140.4,Memoria 1,F:\Film Miei HD\L'Alba Del Pianeta Delle Scimmie HD.mkv,2026-08-20
L'Amore Bugiardo,Film,,,,L'Amore Bugiardo HD.mkv,.,.mkv,3284.6,Memoria 1,F:\Film Miei HD\L'Amore Bugiardo HD.mkv,2026-08-20
L'Era Glaciale,Film,,,,L'Era Glaciale HD.avi,.,.avi,4257.2,Memoria 2,F:L'Era Glaciale HD.avi,2026-08-20
L'Era Glaciale 2 - Il Disgelo,Film,,,,L'Era Glaciale 2 - Il Disgelo HD.mkv,.,.mkv,7557.6,Memoria 2,F:L'Era Glaciale 2 - Il Disgelo HD.mkv,2026-08-20
L'Era Glaciale 3 - L'Alba Dei Dinosauri,Film,,,,L'Era Glaciale 3 - L'Alba Dei Dinosauri HD.mkv,.,.mkv,6298.0,Memoria 2,F:L'Era Glaciale 3 - L'Alba Dei Dinosauri HD.mkv,2026-08-20
L'Era Glaciale 4 - Continenti Alla Deriva,Film,,,,L'Era Glaciale 4 - Continenti Alla Deriva HD.mkv,.,.mkv,12779.1,Memoria 2,F:L'Era Glaciale 4 - Continenti Alla Deriva HD.mkv,2026-08-20
L'Era Glaciale 5 - In Rotta Di Collisione,Film,,,,L'Era Glaciale 5 - In Rotta Di Collisione HD.mkv,.,.mkv,,Memoria 3,F:\L'Era Glaciale 5 - In Rotta Di Collisione HD.mkv,2026-08-20
L'esercito delle 12 scimmie,Film,,,,L'esercito delle 12 scimmie HD.mkv,.,.mkv,4476.5,Memoria 1,F:\Film Miei HD\L'esercito delle 12 scimmie HD.mkv,2026-08-20
L'Estate Addosso,Film,,,,L'Estate Addosso HD.mkv,.,.mkv,,Memoria 3,F:\L'Estate Addosso HD.mkv,2026-08-20
L'Inganno,Film,,,,L'Inganno HD.mkv,.,.mkv,,Memoria 3,F:\L'Inganno HD.mkv,2026-08-20
L'Ora Legale,Film,,,,L'Ora Legale HD.mkv,.,.mkv,,Memoria 3,F:\L'Ora Legale HD.mkv,2026-08-20
L'Ora Più Buia,Film,,,,L'Ora Più Buia HD.mkv,.,.mkv,,Memoria 3,F:\L'Ora Più Buia HD.mkv,2026-08-20
L'Ultima Parola - La Vera Storia Di Dalton Trumbo,Film,,,,L'Ultima Parola - La Vera Storia Di Dalton Trumbo HD.mkv,.,.mkv,,Memoria 3,F:\L'Ultima Parola - La Vera Storia Di Dalton Trumbo HD.mkv,2026-08-20
L'Ultimo Cacciatore Di Streghe,Film,,,,L'Ultimo Cacciatore Di Streghe HD.mkv,.,.mkv,10278.9,Memoria 2,F:L'Ultimo Cacciatore Di Streghe HD.mkv,2026-08-20
L'uomo che fissa le capre,Film,,,,L'uomo che fissa le capre HD.mkv,.,.mkv,9897.5,Memoria 1,F:\Film Miei HD\L'uomo che fissa le capre HD.mkv,2026-08-20
L'Uomo Che Guarda,Film,,,,L'Uomo Che Guarda HD.mkv,.,.mkv,,Memoria 3,F:\L'Uomo Che Guarda HD.mkv,2026-08-20
L'Uomo Che Vide L'Infinito,Film,,,,L'Uomo Che Vide L'Infinito HD.mkv,.,.mkv,,Memoria 3,F:\L'Uomo Che Vide L'Infinito HD.mkv,2026-08-20
L'Uomo D'Acciaio,Film,,,,L'Uomo D'Acciaio HD.mkv,.,.mkv,12788.4,Memoria 1,F:\Film Miei HD\L'Uomo D'Acciaio HD.mkv,2026-08-20
L'Uomo Dal Cuore Di Ferro,Film,,,,L'Uomo Dal Cuore Di Ferro HD.mkv,.,.mkv,,Memoria 3,F:\L'Uomo Dal Cuore Di Ferro HD.mkv,2026-08-20
La Battaglia Dei Sessi,Film,,,,La Battaglia Dei Sessi HD.mkv,.,.mkv,,Memoria 3,F:\La Battaglia Dei Sessi HD.mkv,2026-08-20
La Battaglia Di Hacksaw Ridge,Film,,,,La Battaglia Di Hacksaw Ridge HD.mkv,.,.mkv,,Memoria 3,F:\La Battaglia Di Hacksaw Ridge HD.mkv,2026-08-20
La Bella E La Bestia,Film,,,,La Bella E La Bestia HD.mkv,.,.mkv,,Memoria 3,F:\La Bella E La Bestia HD.mkv,2026-08-20
La Carica Dei 101,Film,,,,(Disney) - La Carica Dei 101 HD.mkv,.,.mkv,4484.4,Memoria 1,F:\Film Miei HD\(Disney) - La Carica Dei 101 HD.mkv,2026-08-20
La Collezionista,Film,,,,La Collezionista HD.mkv,.,.mkv,,Memoria 3,F:\La Collezionista HD.mkv,2026-08-20
La Festa Prima Delle Feste,Film,,,,La Festa Prima Delle Feste HD.mkv,.,.mkv,,Memoria 3,F:\La Festa Prima Delle Feste HD.mkv,2026-08-20
La Foresta Dei Sogni,Film,,,,La Foresta Dei Sogni HD.mkv,.,.mkv,,Memoria 3,F:\La Foresta Dei Sogni HD.mkv,2026-08-20
La Forma Dell'Acqua,Film,,,,La Forma Dell'Acqua HD.mkv,.,.mkv,,Memoria 3,F:\La Forma Dell'Acqua HD.mkv,2026-08-20
La Furia Dei Titani,Film,,,,La Furia Dei Titani HD.mkv,.,.mkv,8143.7,Memoria 1,F:\Film Miei HD\La Furia Dei Titani HD.mkv,2026-08-20
La Grande Scommessa,Film,,,,La Grande Scommessa HD.mkv,.,.mkv,12435.1,Memoria 2,F:La Grande Scommessa HD.mkv,2026-08-20
La La Land,Film,,,,La La Land HD.mkv,.,.mkv,,Memoria 3,F:\La La Land HD.mkv,2026-08-20
La Leggenda Del Pianista Sull'Oceano,Film,,,,La Leggenda Del Pianista Sull'Oceano HD.mkv,.,.mkv,,Memoria 3,F:\La Leggenda Del Pianista Sull'Oceano HD.mkv,2026-08-20
La Mafia Uccide Solo D'Estate,Film,,,,La Mafia Uccide Solo D'Estate HD.mkv,.,.mkv,,Memoria 3,F:\La Mafia Uccide Solo D'Estate HD.mkv,2026-08-20
La Migliore Offerta,Film,,,,La Migliore Offerta HD.mkv,.,.mkv,11729.4,Memoria 1,F:\Film Miei HD\La Migliore Offerta HD.mkv,2026-08-20
La Mummia,Film,,,,La Mummia HD.mkv,.,.mkv,8146.4,Memoria 1,F:\Film Miei HD\La Mummia HD.mkv,2026-08-20
La Mummia 2 - Il Ritorno,Film,,,,La Mummia 2 - Il Ritorno HD.mkv,.,.mkv,7241.7,Memoria 1,F:\Film Miei HD\La Mummia 2 - Il Ritorno HD.mkv,2026-08-20
La Mummia 3 - La Tomba Dell'imperatore Dragone,Film,,,,La Mummia 3 - La Tomba Dell'imperatore Dragone HD.mkv,.,.mkv,10288.0,Memoria 1,F:\Film Miei HD\La Mummia 3 - La Tomba Dell'imperatore Dragone HD.mkv,2026-08-20
La Notte Del Giudizio - Election Year,Film,,,,La Notte Del Giudizio - Election Year HD.mkv,.,.mkv,,Memoria 3,F:\La Notte Del Giudizio - Election Year HD.mkv,2026-08-20
La Pantera Rosa,Film,,,,La Pantera Rosa HD.mkv,.,.mkv,4480.9,Memoria 2,F:La Pantera Rosa HD.mkv,2026-08-20
La Pazza Gioia,Film,,,,La Pazza Gioia HD.mkv,.,.mkv,,Memoria 3,F:\La Pazza Gioia HD.mkv,2026-08-20
La Promessa Dell'Assassino,Film,,,,La Promessa Dell'Assassino HD.mkv,.,.mkv,,Memoria 3,F:\La Promessa Dell'Assassino HD.mkv,2026-08-20
La Quinta Onda,Film,,,,La Quinta Onda HD.mkv,.,.mkv,9773.9,Memoria 2,F:La Quinta Onda HD.mkv,2026-08-20
La Ragazza Del Treno,Film,,,,La Ragazza Del Treno HD.mkv,.,.mkv,,Memoria 3,F:\La Ragazza Del Treno HD.mkv,2026-08-20
La Ragazza Della Porta Accanto,Film,,,,La Ragazza Della Porta Accanto HD.mkv,.,.mkv,4487.7,Memoria 1,F:\Film Miei HD\La Ragazza Della Porta Accanto HD.mkv,2026-08-20
La Regina Dei Castelli Di Carta,Film,,,,La Regina Dei Castelli Di Carta HD.mkv,.,.mkv,,Memoria 3,F:\La Regina Dei Castelli Di Carta HD.mkv,2026-08-20
La Spada Nella Roccia,Film,,,,(Disney) - La Spada Nella Roccia HD.mkv,.,.mkv,4487.5,Memoria 1,F:\Film Miei HD\(Disney) - La Spada Nella Roccia HD.mkv,2026-08-20
La Teoria Del Tutto,Film,,,,La Teoria Del Tutto HD.mkv,.,.mkv,8751.7,Memoria 1,F:\Film Miei HD\La Teoria Del Tutto HD.mkv,2026-08-20
La Torre Nera,Film,,,,La Torre Nera HD.mkv,.,.mkv,,Memoria 3,F:\La Torre Nera HD.mkv,2026-08-20
La Truffa Dei Logan,Film,,,,La Truffa Dei Logan HD.mkv,.,.mkv,,Memoria 3,F:\La Truffa Dei Logan HD.mkv,2026-08-20
La Verità Sta In Cielo,Film,,,,La Verità Sta In Cielo HD.mkv,.,.mkv,,Memoria 3,F:\La Verità Sta In Cielo HD.mkv,2026-08-20
La Vita Di Adele,Film,,,,La Vita Di Adele HD.mkv,.,.mkv,16808.5,Memoria 1,F:\Film Miei HD\La Vita Di Adele HD.mkv,2026-08-20
La Vita Di David Gale,Film,,,,La Vita Di David Gale HD.mkv,.,.mkv,8367.9,Memoria 1,F:\Film Miei HD\La Vita Di David Gale HD.mkv,2026-08-20
La Vita E' Una Cosa Meravigliosa,Film,,,,La Vita E' Una Cosa Meravigliosa HD.mkv,.,.mkv,5977.5,Memoria 2,F:La Vita E' Una Cosa Meravigliosa HD.mkv,2026-08-20
La Vita è Bella,Film,,,,La Vita è Bella HD.mkv,.,.mkv,8144.3,Memoria 1,F:\Film Miei HD\La Vita è Bella HD.mkv,2026-08-20
Lanterna Verde,Film,,,,Lanterna Verde HD.mkv,.,.mkv,8148.0,Memoria 1,F:\Film Miei HD\Lanterna Verde HD.mkv,2026-08-20
Lasciami Entrare,Film,,,,Lasciami Entrare HD.mkv,.,.mkv,6177.9,Memoria 1,F:\Film Miei HD\Lasciami Entrare HD.mkv,2026-08-20
Lawless,Film,,,,Lawless HD.mkv,.,.mkv,5859.0,Memoria 1,F:\Film Miei HD\Lawless HD.mkv,2026-08-20
Le Ali Della Libertà,Film,,,,Le Ali Della Libertà HD.mkv,.,.mkv,5169.7,Memoria 1,F:\Film Miei HD\Le Ali Della Libertà HD.mkv,2026-08-20
Le Crociate,Film,,,,Le Crociate HD.mkv,.,.mkv,8148.5,Memoria 1,F:\Film Miei HD\Le Crociate HD.mkv,2026-08-20
"Le Cronache Di Narnia - Il Leone, La Strega E L'Armadio",Film,,,,"Le Cronache Di Narnia - Il Leone, La Strega E L'Armadio HD.mkv",.,.mkv,4474.0,Memoria 2,"F:Le Cronache Di Narnia - Il Leone, La Strega E L'Armadio HD.mkv",2026-08-20
Le Cronache Di Narnia - Il Principe Caspian,Film,,,,Le Cronache Di Narnia - Il Principe Caspian HD.mkv,.,.mkv,4474.9,Memoria 2,F:Le Cronache Di Narnia - Il Principe Caspian HD.mkv,2026-08-20
Le Cronache Di Narnia - Il Viaggio Del Veliero,Film,,,,Le Cronache Di Narnia - Il Viaggio Del Veliero HD.mkv,.,.mkv,4480.9,Memoria 2,F:Le Cronache Di Narnia - Il Viaggio Del Veliero HD.mkv,2026-08-20
Le Due Vie Del Destino,Film,,,,Le Due Vie Del Destino HD.mkv,.,.mkv,9318.1,Memoria 1,F:\Film Miei HD\Le Due Vie Del Destino HD.mkv,2026-08-20
Le Follie Dell'Imperatore,Film,,,,Le Follie Dell'Imperatore HD.mkv,.,.mkv,2207.2,Memoria 1,F:\Film Miei HD\Le Follie Dell'Imperatore HD.mkv,2026-08-20
Le Idi Di Marzo,Film,,,,Le Idi Di Marzo HD.mkv,.,.mkv,5865.1,Memoria 1,F:\Film Miei HD\Le Idi Di Marzo HD.mkv,2026-08-20
Le Iene,Film,,,,Le Iene HD.mkv,.,.mkv,4484.3,Memoria 1,F:\Film Miei HD\Le Iene HD.mkv,2026-08-20
Le Mans '66 - La Grande Sfida,Film,,,,Le Mans '66 - La Grande Sfida HD.mkv,.,.mkv,,Memoria 3,F:\Le Mans '66 - La Grande Sfida HD.mkv,2026-08-20
Le Pagine Della Nostra Vita,Film,,,,Le Pagine Della Nostra Vita HD.mkv,.,.mkv,8934.4,Memoria 1,F:\Film Miei HD\Le Pagine Della Nostra Vita HD.mkv,2026-08-20
Le Ragazze Di Wall Street,Film,,,,Le Ragazze Di Wall Street HD.mkv,.,.mkv,,Memoria 3,F:\Le Ragazze Di Wall Street HD.mkv,2026-08-20
Legend,Film,,,,Legend HD.mkv,.,.mkv,11120.4,Memoria 2,F:Legend HD.mkv,2026-08-20
Les Misérables,Film,,,,Les Misérables HD.mkv,.,.mkv,8150.2,Memoria 1,F:\Film Miei HD\Les Misérables HD.mkv,2026-08-20
Life Happens,Film,,,,Life Happens HD.mkv,.,.mkv,7320.7,Memoria 2,F:Life Happens HD.mkv,2026-08-20
Limitless,Film,,,,Limitless HD.mkv,.,.mkv,8147.6,Memoria 1,F:\Film Miei HD\Limitless HD.mkv,2026-08-20
Lion - La Strada Verso Casa,Film,,,,Lion - La Strada Verso Casa HD.mkv,.,.mkv,,Memoria 3,F:\Lion - La Strada Verso Casa HD.mkv,2026-08-20
Little Sister,Film,,,,Little Sister HD.mkv,.,.mkv,,Memoria 3,F:\Little Sister HD.mkv,2026-08-20
Lo Chiamavano Jeeg Robot,Film,,,,Lo Chiamavano Jeeg Robot HD.mkv,.,.mkv,11833.6,Memoria 2,F:Lo Chiamavano Jeeg Robot HD.mkv,2026-08-20
Lo Hobbit - La Battaglia Delle Cinque Armate,Film,,,,Lo Hobbit - La Battaglia Delle Cinque Armate (Extended) HD.mkv,.,.mkv,9298.6,Memoria 1,F:\Film Miei HD\Lo Hobbit - La Battaglia Delle Cinque Armate (Extended) HD.mkv,2026-08-20
Lo Hobbit - La Desolazione Di Smaug,Film,,,,Lo Hobbit - La Desolazione Di Smaug (Extended) HD.mkv,.,.mkv,13956.4,Memoria 1,F:\Film Miei HD\Lo Hobbit - La Desolazione Di Smaug (Extended) HD.mkv,2026-08-20
Lo Hobbit - Un Viaggio Inaspettato,Film,,,,Lo Hobbit - Un Viaggio Inaspettato (Extended) HD.mkv,.,.mkv,8147.0,Memoria 1,F:\Film Miei HD\Lo Hobbit - Un Viaggio Inaspettato (Extended) HD.mkv,2026-08-20
Lo Sciacallo,Film,,,,Lo Sciacallo HD.mkv,.,.mkv,10289.2,Memoria 1,F:\Film Miei HD\Lo Sciacallo HD.mkv,2026-08-20
Logan - The Wolverine,Film,,,,Logan - The Wolverine HD.mkv,.,.mkv,,Memoria 3,F:\Logan - The Wolverine HD.mkv,2026-08-20
Loro,Film,,,,Loro HD.mkv,.,.mkv,,Memoria 3,F:\Loro HD.mkv,2026-08-20
Loro Chi,Film,,,,Loro Chi HD.mkv,.,.mkv,8181.5,Memoria 2,F:Loro Chi HD.mkv,2026-08-20
Lucia E Il Sesso,Film,,,,Lucia E Il Sesso HD.mkv,.,.mkv,,Memoria 3,F:\Lucia E Il Sesso HD.mkv,2026-08-20
Lucy,Film,,,,Lucy HD.mkv,.,.mkv,8295.4,Memoria 1,F:\Film Miei HD\Lucy HD.mkv,2026-08-20
Made In Italy,Film,,,,Made In Italy HD.mkv,.,.mkv,,Memoria 3,F:\Made In Italy HD.mkv,2026-08-20
Magic In The Moonlight,Film,,,,Magic In The Moonlight HD.mkv,.,.mkv,8072.3,Memoria 2,F:Magic In The Moonlight HD.mkv,2026-08-20
Magic Mike,Film,,,,Magic Mike HD.mkv,.,.mkv,8147.5,Memoria 1,F:\Film Miei HD\Magic Mike HD.mkv,2026-08-20
Magnolia,Film,,,,Magnolia HD.mkv,.,.mkv,,Memoria 3,F:\Magnolia HD.mkv,2026-08-20
Maleficent,Film,,,,Maleficent HD.mkv,.,.mkv,8267.5,Memoria 1,F:\Film Miei HD\Maleficent HD.mkv,2026-08-20
Maleficent 2 - Signora Del Male,Film,,,,Maleficent 2 - Signora Del Male HD.mkv,.,.mkv,,Memoria 3,F:\Maleficent 2 - Signora Del Male HD.mkv,2026-08-20
Malena,Film,,,,Malena HD.mkv,.,.mkv,9723.5,Memoria 1,F:\Film Miei HD\Malena HD.mkv,2026-08-20
Man Of Tai Chi,Film,,,,Man Of Tai Chi HD.mkv,.,.mkv,1926.1,Memoria 1,F:\Film Miei HD\Man Of Tai Chi HD.mkv,2026-08-20
Man On Fire,Film,,,,Man On Fire HD.mkv,.,.mkv,8150.6,Memoria 1,F:\Film Miei HD\Man On Fire HD.mkv,2026-08-20
Manhattan,Film,,,,Manhattan HD.mkv,.,.mkv,8148.2,Memoria 2,F:Manhattan HD.mkv,2026-08-20
Maria Regina Di Scozia,Film,,,,Maria Regina Di Scozia HD.mkv,.,.mkv,,Memoria 3,F:\Maria Regina Di Scozia HD.mkv,2026-08-20
Masterminds - I Geni Della Truffa,Film,,,,Masterminds - I Geni Della Truffa HD.mkv,.,.mkv,,Memoria 3,F:\Masterminds - I Geni Della Truffa HD.mkv,2026-08-20
Maze Runner - Il Labirinto,Film,,,,Maze Runner - Il Labirinto HD.mkv,.,.mkv,9265.4,Memoria 1,F:\Film Miei HD\Maze Runner - Il Labirinto HD.mkv,2026-08-20
Maze Runner - Il Labirinto,Film,,,,Maze Runner - Il Labirinto HD.mkv,.,.mkv,7936.1,Memoria 2,F:Maze Runner - Il Labirinto HD.mkv,2026-08-20
Maze Runner - La Fuga,Film,,,,Maze Runner - La Fuga HD.mkv,.,.mkv,7440.6,Memoria 2,F:Maze Runner - La Fuga HD.mkv,2026-08-20
Memento,Film,,,,Memento HD.mkv,.,.mkv,4482.7,Memoria 1,F:\Film Miei HD\Memento HD.mkv,2026-08-20
Memorie Di Una Geisha,Film,,,,Memorie Di Una Geisha HD.mkv,.,.mkv,,Memoria 3,F:\Memorie Di Una Geisha HD.mkv,2026-08-20
Men in Black,Film,,,,Men in Black HD.mkv,.,.mkv,,Memoria 3,F:\Men in Black HD.mkv,2026-08-20
Men In Black 3,Film,,,,Men In Black 3 HD.mkv,.,.mkv,15446.3,Memoria 1,F:\Film Miei HD\Men In Black 3 HD.mkv,2026-08-20
Men in Black II,Film,,,,Men in Black II HD.mkv,.,.mkv,,Memoria 3,F:\Men in Black II HD.mkv,2026-08-20
Millennium - Uomini Che Odiano Le Donne,Film,,,,Millennium - Uomini Che Odiano Le Donne HD.mkv,.,.mkv,26352.4,Memoria 1,F:\Film Miei HD\Millennium - Uomini Che Odiano Le Donne HD.mkv,2026-08-20
Millennium - Uomini Che Odiano Le Donne Vecchio,Film,,,,Millennium - Uomini Che Odiano Le Donne Vecchio HD.mkv,.,.mkv,10017.5,Memoria 1,F:\Film Miei HD\Millennium - Uomini Che Odiano Le Donne Vecchio HD.mkv,2026-08-20
Million Dollar Baby,Film,,,,Million Dollar Baby HD.mkv,.,.mkv,8150.0,Memoria 1,F:\Film Miei HD\Million Dollar Baby HD.mkv,2026-08-20
Miriam Si Sveglia A Mezzanotte,Film,,,,Miriam Si Sveglia A Mezzanotte HD.mkv,.,.mkv,3698.6,Memoria 2,F:Miriam Si Sveglia A Mezzanotte HD.mkv,2026-08-20
Miss Peregrine - La Casa Dei Ragazzi Speciali,Film,,,,Miss Peregrine - La Casa Dei Ragazzi Speciali HD.mkv,.,.mkv,11276.0,Memoria 2,F:Miss Peregrine - La Casa Dei Ragazzi Speciali HD.mkv,2026-08-20
Miss Peregrine - La Casa Dei Ragazzi Speciali,Film,,,,Miss Peregrine - La Casa Dei Ragazzi Speciali HD.mkv,.,.mkv,,Memoria 3,F:\Miss Peregrine - La Casa Dei Ragazzi Speciali HD.mkv,2026-08-20
Mission Impossible,Film,,,,Mission Impossible HD.mkv,.,.mkv,,Memoria 3,F:\Mission Impossible HD.mkv,2026-08-20
Mission Impossible - Protocollo Fantasma,Film,,,,Mission Impossible - Protocollo Fantasma HD.mkv,.,.mkv,,Memoria 3,F:\Mission Impossible - Protocollo Fantasma HD.mkv,2026-08-20
Mission Impossible - Rogue Nation,Film,,,,Mission Impossible - Rogue Nation HD.mkv,.,.mkv,,Memoria 3,F:\Mission Impossible - Rogue Nation HD.mkv,2026-08-20
Mission Impossible II,Film,,,,Mission Impossible II HD.mkv,.,.mkv,,Memoria 3,F:\Mission Impossible II HD.mkv,2026-08-20
Mission Impossible III,Film,,,,Mission Impossible III HD.mkv,.,.mkv,,Memoria 3,F:\Mission Impossible III HD.mkv,2026-08-20
Mister Chocolat,Film,,,,Mister Chocolat HD.mkv,.,.mkv,,Memoria 3,F:\Mister Chocolat HD.mkv,2026-08-20
Moglie E Marito,Film,,,,Moglie E Marito HD.mkv,.,.mkv,,Memoria 3,F:\Moglie E Marito HD.mkv,2026-08-20
Molly's Game,Film,,,,Molly's Game HD.mkv,.,.mkv,,Memoria 3,F:\Molly's Game HD.mkv,2026-08-20
Money Monster - L'Altra Faccia Del Denaro,Film,,,,Money Monster - L'Altra Faccia Del Denaro HD.mkv,.,.mkv,,Memoria 3,F:\Money Monster - L'Altra Faccia Del Denaro HD.mkv,2026-08-20
Moneyball - L'Arte Di Vincere,Film,,,,Moneyball - L'Arte Di Vincere.mkv,.,.mkv,8147.9,Memoria 1,F:\Film Miei HD\Moneyball - L'Arte Di Vincere.mkv,2026-08-20
Monster & Co,Film,,,,Monster & Co HD.mkv,.,.mkv,7294.0,Memoria 1,F:\Film Miei HD\Monster & Co HD.mkv,2026-08-20
Monsters E Co,Film,,,,(Pixar) - Monsters E Co. HD.mkv,.,.mkv,,Memoria 3,F:\(Pixar) - Monsters E Co. HD.mkv,2026-08-20
Monsters University,Film,,,,(Pixar) - Monsters University HD.mkv,.,.mkv,,Memoria 3,F:\(Pixar) - Monsters University HD.mkv,2026-08-20
Monuments Men,Film,,,,Monuments Men HD.mkv,.,.mkv,11901.2,Memoria 1,F:\Film Miei HD\Monuments Men HD.mkv,2026-08-20
Mortdecai,Film,,,,Mortdecai HD.mkv,.,.mkv,8284.6,Memoria 1,F:\Film Miei HD\Mortdecai HD.mkv,2026-08-20
Mr & Mrs Smith,Film,,,,Mr. & Mrs. Smith HD.mkv,.,.mkv,8139.3,Memoria 1,F:\Film Miei HD\Mr. & Mrs. Smith HD.mkv,2026-08-20
Mr Nobody,Film,,,,Mr. Nobody HD.mkv,.,.mkv,,Memoria 3,F:\Mr. Nobody HD.mkv,2026-08-20
Mud,Film,,,,Mud HD.mkv,.,.mkv,11305.8,Memoria 1,F:\Film Miei HD\Mud HD.mkv,2026-08-20
Mulan,Film,,,,(Disney) - Mulan HD.mkv,.,.mkv,4485.4,Memoria 1,F:\Film Miei HD\(Disney) - Mulan HD.mkv,2026-08-20
Mulholland Drive,Film,,,,Mulholland Drive HD.mp4,.,.mp4,2380.6,Memoria 2,F:Mulholland Drive HD.mp4,2026-08-20
Napoli Velata,Film,,,,Napoli Velata HD.mkv,.,.mkv,,Memoria 3,F:\Napoli Velata HD.mkv,2026-08-20
Nemico Pubblico,Film,,,,Nemico Pubblico HD.mkv,.,.mkv,8146.2,Memoria 1,F:\Film Miei HD\Nemico Pubblico HD.mkv,2026-08-20
Never Back Down,Film,,,,Never Back Down HD.mkv,.,.mkv,4483.4,Memoria 1,F:\Film Miei HD\Never Back Down HD.mkv,2026-08-20
Neverland,Film,,,,Neverland HD.mkv,.,.mkv,10786.3,Memoria 1,F:\Film Miei HD\Neverland HD.mkv,2026-08-20
Noi E La Giulia,Film,,,,Noi E La Giulia HD.mkv,.,.mkv,5447.7,Memoria 2,F:Noi E La Giulia HD.mkv,2026-08-20
Noi Siamo Infinito,Film,,,,Noi Siamo Infinito HD.mkv,.,.mkv,8166.0,Memoria 1,F:\Film Miei HD\Noi Siamo Infinito HD.mkv,2026-08-20
Non Ci Resta Che Piangere,Film,,,,Non Ci Resta Che Piangere HD.mkv,.,.mkv,2909.1,Memoria 2,F:Non Ci Resta Che Piangere HD.mkv,2026-08-20
Non E' Un Paese Per Giovani,Film,,,,Non E' Un Paese Per Giovani HD.mkv,.,.mkv,,Memoria 3,F:\Non E' Un Paese Per Giovani HD.mkv,2026-08-20
Non E' Un Paese Per Vecchi,Film,,,,Non E' Un Paese Per Vecchi HD.mkv,.,.mkv,4476.3,Memoria 1,F:\Film Miei HD\Non E' Un Paese Per Vecchi HD.mkv,2026-08-20
Non Essere Cattivo,Film,,,,Non Essere Cattivo HD.mkv,.,.mkv,4709.2,Memoria 2,F:Non Essere Cattivo HD.mkv,2026-08-20
"Non Guardarmi, Non Ti Sento",Film,,,,"Non Guardarmi, Non Ti Sento HD.mkv",.,.mkv,3978.8,Memoria 2,"F:Non Guardarmi, Non Ti Sento HD.mkv",2026-08-20
Nonno Scatenato,Film,,,,Nonno Scatenato HD.mkv,.,.mkv,,Memoria 3,F:\Nonno Scatenato HD.mkv,2026-08-20
Now You See Me,Film,,,,Now You See Me HD.mkv,.,.mkv,8140.2,Memoria 2,F:Now You See Me HD.mkv,2026-08-20
Now You See Me 2,Film,,,,Now You See Me 2 HD.mkv,.,.mkv,,Memoria 3,F:\Now You See Me 2 HD.mkv,2026-08-20
Nudi E Felici,Film,,,,Nudi E Felici HD.mkv,.,.mkv,12483.4,Memoria 1,F:\Film Miei HD\Nudi E Felici HD.mkv,2026-08-20
Nymphomaniac Vol I,Film,,,,Nymphomaniac Vol I HD.mkv,.,.mkv,3357.3,Memoria 1,F:\Film Miei HD\Nymphomaniac Vol I HD.mkv,2026-08-20
Ocean's Eleven,Film,,,,Ocean's Eleven HD.mkv,.,.mkv,9297.9,Memoria 1,F:\Film Miei HD\Ocean's Eleven HD.mkv,2026-08-20
Ocean's Thirteen,Film,,,,Ocean's Thirteen HD.mkv,.,.mkv,8141.0,Memoria 1,F:\Film Miei HD\Ocean's Thirteen HD.mkv,2026-08-20
Ocean's Twelve,Film,,,,Ocean's Twelve HD.mkv,.,.mkv,,Memoria 3,F:\Ocean's Twelve HD.mkv,2026-08-20
Oceania,Film,,,,Oceania HD.mkv,.,.mkv,,Memoria 3,F:\Oceania HD.mkv,2026-08-20
Ogni Maledetta Domenica,Film,,,,Ogni Maledetta Domenica HD.mkv,.,.mkv,8147.8,Memoria 1,F:\Film Miei HD\Ogni Maledetta Domenica HD.mkv,2026-08-20
Oldboy,Film,2003,,,Oldboy (2003) HD.mkv,.,.mkv,,Memoria 3,F:\Oldboy (2003) HD.mkv,2026-08-20
On The Road,Film,,,,On The Road HD.mkv,.,.mkv,2892.2,Memoria 1,F:\Film Miei HD\On The Road HD.mkv,2026-08-20
One Day,Film,,,,One Day HD.mkv,.,.mkv,5870.3,Memoria 1,F:\Film Miei HD\One Day HD.mkv,2026-08-20
Operazione U N C L E,Film,,,,Operazione U.N.C.L.E. HD.mkv,.,.mkv,7041.6,Memoria 2,F:Operazione U.N.C.L.E. HD.mkv,2026-08-20
Pacific Rim,Film,,,,Pacific Rim HD.mkv,.,.mkv,11820.5,Memoria 1,F:\Film Miei HD\Pacific Rim HD.mkv,2026-08-20
Pacific Rim 2 - La Rivolta,Film,,,,Pacific Rim 2 - La Rivolta HD.mkv,.,.mkv,,Memoria 3,F:\Pacific Rim 2 - La Rivolta HD.mkv,2026-08-20
Pain And Gain - Muscoli E Denaro,Film,,,,Pain And Gain - Muscoli E Denaro HD.mkv,.,.mkv,12124.8,Memoria 1,F:\Film Miei HD\Pain And Gain - Muscoli E Denaro HD.mkv,2026-08-20
Papillon,Film,2017,,,Papillon (2017) HD.mkv,.,.mkv,,Memoria 3,F:\Papillon (2017) HD.mkv,2026-08-20
Paradise Beach - Dentro L'Incubo,Film,,,,Paradise Beach - Dentro L'Incubo HD.mkv,.,.mkv,,Memoria 3,F:\Paradise Beach - Dentro L'Incubo HD.mkv,2026-08-20
Parnassus - L'uomo che voleva ingannare il diavolo,Film,,,,Parnassus - L'uomo che voleva ingannare il diavolo HD.mkv,.,.mkv,4479.0,Memoria 1,F:\Film Miei HD\Parnassus - L'uomo che voleva ingannare il diavolo HD.mkv,2026-08-20
Parto Col Folle,Film,,,,Parto Col Folle HD.mkv,.,.mkv,4476.5,Memoria 1,F:\Film Miei HD\Parto Col Folle HD.mkv,2026-08-20
Passengers,Film,,,,Passengers HD.mkv,.,.mkv,,Memoria 3,F:\Passengers HD.mkv,2026-08-20
Pele,Film,,,,Pele HD.mkv,.,.mkv,,Memoria 3,F:\Pele HD.mkv,2026-08-20
Perfect Day,Film,,,,Perfect Day HD.mkv,.,.mkv,,Memoria 3,F:\Perfect Day HD.mkv,2026-08-20
Perfetti Sconosciuti,Film,,,,Perfetti Sconosciuti HD.mkv,.,.mkv,7521.3,Memoria 2,F:Perfetti Sconosciuti HD.mkv,2026-08-20
Piccoli Brividi,Film,,,,Piccoli Brividi HD.mkv,.,.mkv,8463.5,Memoria 2,F:Piccoli Brividi HD.mkv,2026-08-20
Pirati Dei Caraibi - Ai Confini Del Mondo,Film,,,,Pirati Dei Caraibi - Ai Confini Del Mondo HD.mkv,.,.mkv,8147.6,Memoria 1,F:\Film Miei HD\Pirati Dei Caraibi - Ai Confini Del Mondo HD.mkv,2026-08-20
Pirati dei Caraibi - La Maledizione del Forziere Fantasma,Film,,,,Pirati dei Caraibi - La Maledizione del Forziere Fantasma HD.mkv,.,.mkv,4465.7,Memoria 1,F:\Film Miei HD\Pirati dei Caraibi - La Maledizione del Forziere Fantasma HD.mkv,2026-08-20
Pirati Dei Caraibi - La Maledizione Della Prima Luna,Film,,,,Pirati Dei Caraibi - La Maledizione Della Prima Luna HD.mkv,.,.mkv,8147.0,Memoria 1,F:\Film Miei HD\Pirati Dei Caraibi - La Maledizione Della Prima Luna HD.mkv,2026-08-20
Pirati Dei Caraibi - La Vendetta Di Salazar,Film,,,,Pirati Dei Caraibi - La Vendetta Di Salazar HD.mkv,.,.mkv,,Memoria 3,F:\Pirati Dei Caraibi - La Vendetta Di Salazar HD.mkv,2026-08-20
Pitch Black,Film,,,,Pitch Black HD.mkv,.,.mkv,8147.2,Memoria 1,F:\Film Miei HD\Pitch Black HD.mkv,2026-08-20
Point Break,Film,1991,,,Point Break (1991) HD.mkv,.,.mkv,8144.3,Memoria 2,F:Point Break (1991) HD.mkv,2026-08-20
Point Break,Film,,,,Point Break HD.mkv,.,.mkv,12095.5,Memoria 2,F:Point Break HD.mkv,2026-08-20
Pokémon Detective Pikachu,Film,,,,Pokémon Detective Pikachu HD.mkv,.,.mkv,,Memoria 3,F:\Pokémon Detective Pikachu HD.mkv,2026-08-20
Poli Opposti,Film,,,,Poli Opposti HD.mkv,.,.mkv,7035.6,Memoria 2,F:Poli Opposti HD.mkv,2026-08-20
Poveri Ma Ricchi,Film,,,,Poveri Ma Ricchi HD.mkv,.,.mkv,,Memoria 3,F:\Poveri Ma Ricchi HD.mkv,2026-08-20
Pride And Prejudice And Zombies,Film,,,,Pride And Prejudice And Zombies HD.mkv,.,.mkv,11804.6,Memoria 2,F:Pride And Prejudice And Zombies HD.mkv,2026-08-20
Prince Of Persia - Le Sabbie Del Tempo,Film,,,,Prince Of Persia - Le Sabbie Del Tempo HD.mkv,.,.mkv,4482.0,Memoria 1,F:\Film Miei HD\Prince Of Persia - Le Sabbie Del Tempo HD.mkv,2026-08-20
Prisoners,Film,,,,Prisoners HD.mkv,.,.mkv,8144.7,Memoria 1,F:\Film Miei HD\Prisoners HD.mkv,2026-08-20
Professor Marston And The Wonder Women,Film,,,,Professor Marston And The Wonder Women HD.mkv,.,.mkv,,Memoria 3,F:\Professor Marston And The Wonder Women HD.mkv,2026-08-20
Prometheus,Film,,,,Prometheus HD.mkv,.,.mkv,,Memoria 3,F:\Prometheus HD.mkv,2026-08-20
Proprio Lui,Film,,,,Proprio Lui HD.mkv,.,.mkv,,Memoria 3,F:\Proprio Lui HD.mkv,2026-08-20
Prova A Prendermi,Film,,,,Prova A Prendermi HD.mkv,.,.mkv,21478.1,Memoria 1,F:\Film Miei HD\Prova A Prendermi HD.mkv,2026-08-20
Pulp Fiction,Film,,,,Pulp Fiction HD.mkv,.,.mkv,8146.3,Memoria 1,F:\Film Miei HD\Pulp Fiction HD.mkv,2026-08-20
Quasi Amici,Film,,,,Quasi Amici HD.mkv,.,.mkv,,Memoria 3,F:\Quasi Amici HD.mkv,2026-08-20
Quei Bravi Ragazzi,Film,,,,Quei Bravi Ragazzi HD.mkv,.,.mkv,4476.5,Memoria 1,F:\Film Miei HD\Quei Bravi Ragazzi HD.mkv,2026-08-20
Quel Treno Per Yuma,Film,,,,Quel Treno Per Yuma HD.mkv,.,.mkv,8147.3,Memoria 1,F:\Film Miei HD\Quel Treno Per Yuma HD.mkv,2026-08-20
Questione Di Tempo,Film,,,,Questione Di Tempo HD.mkv,.,.mkv,11788.8,Memoria 1,F:\Film Miei HD\Questione Di Tempo HD.mkv,2026-08-20
Quo Vado,Film,,,,Quo Vado HD.mkv,.,.mkv,7716.9,Memoria 2,F:Quo Vado HD.mkv,2026-08-20
Race - Il Colore Della Vittoria,Film,,,,Race - Il Colore Della Vittoria HD.mkv,.,.mkv,,Memoria 3,F:\Race - Il Colore Della Vittoria HD.mkv,2026-08-20
Rapunzel - L'Intreccio Della Torre,Film,,,,Rapunzel - L'Intreccio Della Torre HD.mkv,.,.mkv,5873.4,Memoria 1,F:\Film Miei HD\Rapunzel - L'Intreccio Della Torre HD.mkv,2026-08-20
Ratatouille,Film,,,,(Pixar) - Ratatouille HD.mkv,.,.mkv,,Memoria 3,F:\(Pixar) - Ratatouille HD.mkv,2026-08-20
Red,Film,,,,Red HD.mkv,.,.mkv,4485.4,Memoria 1,F:\Film Miei HD\Red HD.mkv,2026-08-20
Red 2,Film,,,,Red 2 HD.mkv,.,.mkv,8147.6,Memoria 1,F:\Film Miei HD\Red 2 HD.mkv,2026-08-20
Red Sparrow,Film,,,,Red Sparrow HD.mkv,.,.mkv,,Memoria 3,F:\Red Sparrow HD.mkv,2026-08-20
Remember,Film,,,,Remember HD.mkv,.,.mkv,,Memoria 3,F:\Remember HD.mkv,2026-08-20
Requiem For A Dream,Film,,,,Requiem For A Dream HD.mkv,.,.mkv,8461.9,Memoria 1,F:\Film Miei HD\Requiem For A Dream HD.mkv,2026-08-20
Reservation Road,Film,,,,Reservation Road HD.mkv,.,.mkv,4123.5,Memoria 1,F:\Film Miei HD\Reservation Road HD.mkv,2026-08-20
Revenant,Film,,,,Revenant HD.mkv,.,.mkv,9796.3,Memoria 2,F:Revenant HD.mkv,2026-08-20
Ribelle - The Brave,Film,,,,(Pixar) - Ribelle - The Brave HD.mkv,.,.mkv,,Memoria 3,F:\(Pixar) - Ribelle - The Brave HD.mkv,2026-08-20
Richard Jewell,Film,,,,Richard Jewell HD.mkv,.,.mkv,,Memoria 3,F:\Richard Jewell HD.mkv,2026-08-20
Riddick,Film,,,,Riddick HD.mkv,.,.mkv,8148.4,Memoria 1,F:\Film Miei HD\Riddick HD.mkv,2026-08-20
Risky Business,Film,,,,Risky Business HD.mkv,.,.mkv,,Memoria 3,F:\Risky Business HD.mkv,2026-08-20
Ritorno Al Futuro I,Film,,,,Ritorno Al Futuro I HD.mkv,.,.mkv,,Memoria 3,F:\Ritorno Al Futuro I HD.mkv,2026-08-20
Rob Roy,Film,,,,Rob Roy HD.mkv,.,.mkv,,Memoria 3,F:\Rob Roy HD.mkv,2026-08-20
Robin Hood,Film,,,,Robin Hood HD.mkv,.,.mkv,5442.3,Memoria 1,F:\Film Miei HD\Robin Hood HD.mkv,2026-08-20
Rocketman,Film,,,,Rocketman HD.mkv,.,.mkv,,Memoria 3,F:\Rocketman HD.mkv,2026-08-20
Rocky II,Film,,,,Rocky II.mkv,.,.mkv,8138.7,Memoria 1,F:\Film Miei HD\Rocky II.mkv,2026-08-20
Rogue One,Film,,,,Rogue One HD.mkv,.,.mkv,,Memoria 3,F:\Rogue One HD.mkv,2026-08-20
Role Models,Film,,,,Role Models HD.mkv,.,.mkv,3899.5,Memoria 1,F:\Film Miei HD\Role Models HD.mkv,2026-08-20
Rush,Film,,,,Rush HD.mkv,.,.mkv,14952.9,Memoria 1,F:\Film Miei HD\Rush HD.mkv,2026-08-20
Santana - Live At Montreux,Film,,,,Santana - Live At Montreux.mkv,.,.mkv,6112.5,Memoria 1,F:\Film Miei HD\Santana - Live At Montreux.mkv,2026-08-20
Sausage Party - Vita Segreta Di Una Salsiccia,Film,,,,Sausage Party - Vita Segreta Di Una Salsiccia HD.MKV,.,.mkv,,Memoria 3,F:\Sausage Party - Vita Segreta Di Una Salsiccia HD.MKV,2026-08-20
Saving Mr Banks,Film,,,,Saving Mr Banks HD.mkv,.,.mkv,13032.1,Memoria 1,F:\Film Miei HD\Saving Mr Banks HD.mkv,2026-08-20
Sballati Per Le Feste,Film,,,,Sballati Per Le Feste HD.mkv,.,.mkv,,Memoria 3,F:\Sballati Per Le Feste HD.mkv,2026-08-20
Scemo E Più Scemo 2,Film,,,,Scemo E Più Scemo 2 HD.mkv,.,.mkv,12121.0,Memoria 1,F:\Film Miei HD\Scemo E Più Scemo 2 HD.mkv,2026-08-20
Scialla,Film,,,,Scialla HD.mkv,.,.mkv,8148.3,Memoria 1,F:\Film Miei HD\Scialla HD.mkv,2026-08-20
Scusate Se Esisto,Film,,,,Scusate Se Esisto HD.mkv,.,.mkv,7331.6,Memoria 1,F:\Film Miei HD\Scusate Se Esisto HD.mkv,2026-08-20
Se Dio Vuole,Film,,,,Se Dio Vuole HD.mkv,.,.mkv,3349.7,Memoria 2,F:Se Dio Vuole HD.mkv,2026-08-20
Se Mi Lasci Ti Cancello,Film,,,,Se Mi Lasci Ti Cancello HD.mkv,.,.mkv,8150.4,Memoria 1,F:\Film Miei HD\Se Mi Lasci Ti Cancello HD.mkv,2026-08-20
Seduzione Fatale,Film,,,,Seduzione  Fatale HD.mkv,.,.mkv,,Memoria 3,F:\Seduzione  Fatale HD.mkv,2026-08-20
Sei Mai Stata Sulla Luna,Film,,,,Sei Mai Stata Sulla Luna HD.mkv,.,.mkv,8647.7,Memoria 1,F:\Film Miei HD\Sei Mai Stata Sulla Luna HD.mkv,2026-08-20
Sette Anni In Tibet,Film,,,,Sette Anni In Tibet HD.mkv,.,.mkv,8142.7,Memoria 1,F:\Film Miei HD\Sette Anni In Tibet HD.mkv,2026-08-20
Sette Minuti Dopo La Mezzanotte,Film,,,,Sette Minuti Dopo La Mezzanotte HD.mkv,.,.mkv,,Memoria 3,F:\Sette Minuti Dopo La Mezzanotte HD.mkv,2026-08-20
Seven,Film,,,,Seven HD.mkv,.,.mkv,8143.9,Memoria 1,F:\Film Miei HD\Seven HD.mkv,2026-08-20
Seven Sisters,Film,,,,Seven Sisters HD.mkv,.,.mkv,,Memoria 3,F:\Seven Sisters HD.mkv,2026-08-20
Sex Tape - Finiti In Rete,Film,,,,Sex Tape - Finiti In Rete HD.mkv,.,.mkv,8891.0,Memoria 1,F:\Film Miei HD\Sex Tape - Finiti In Rete HD.mkv,2026-08-20
Shame,Film,,,,Shame HD.mkv,.,.mkv,14912.5,Memoria 1,F:\Film Miei HD\Shame HD.mkv,2026-08-20
Shazam,Film,,,,Shazam HD.MKV,.,.mkv,,Memoria 3,F:\Shazam HD.MKV,2026-08-20
Sherlock Holmes,Film,,,,Sherlock Holmes HD.mkv,.,.mkv,8243.1,Memoria 1,F:\Film Miei HD\Sherlock Holmes HD.mkv,2026-08-20
Sherlock Holmes - Gioco Di Ombre,Film,,,,Sherlock Holmes - Gioco Di Ombre HD.mkv,.,.mkv,19602.5,Memoria 1,F:\Film Miei HD\Sherlock Holmes - Gioco Di Ombre HD.mkv,2026-08-20
Shutter Island,Film,,,,Shutter Island HD.mkv,.,.mkv,11521.4,Memoria 1,F:\Film Miei HD\Shutter Island HD.mkv,2026-08-20
Sing,Film,,,,Sing HD.mkv,.,.mkv,,Memoria 3,F:\Sing HD.mkv,2026-08-20
Sky Fighters,Film,,,,Sky Fighters HD.mkv,.,.mkv,9508.7,Memoria 1,F:\Film Miei HD\Sky Fighters HD.mkv,2026-08-20
Slevin Patto Criminale,Film,,,,Slevin Patto Criminale HD.mkv,.,.mkv,4480.3,Memoria 1,F:\Film Miei HD\Slevin Patto Criminale HD.mkv,2026-08-20
Smetto Quando Voglio,Film,,,,Smetto Quando Voglio HD.mkv,.,.mkv,8246.0,Memoria 1,F:\Film Miei HD\Smetto Quando Voglio HD.mkv,2026-08-20
Smetto Quando Voglio - Ad Honorem,Film,,,,Smetto Quando Voglio - Ad Honorem HD.mkv,.,.mkv,,Memoria 3,F:\Smetto Quando Voglio - Ad Honorem HD.mkv,2026-08-20
Smetto Quando Voglio 2 - Masterclass,Film,,,,Smetto Quando Voglio 2 - Masterclass HD.mkv,.,.mkv,,Memoria 3,F:\Smetto Quando Voglio 2 - Masterclass HD.mkv,2026-08-20
Snatch,Film,,,,Snatch HD.mkv,.,.mkv,8148.7,Memoria 1,F:\Film Miei HD\Snatch HD.mkv,2026-08-20
Solo - A Star Wars Story,Film,,,,Solo - A Star Wars Story HD.mkv,.,.mkv,,Memoria 3,F:\Solo - A Star Wars Story HD.mkv,2026-08-20
Solo Dio Perdona,Film,,,,Solo Dio Perdona HD.mkv,.,.mkv,,Memoria 3,F:\Solo Dio Perdona HD.mkv,2026-08-20
Solo Gli Amanti Sopravvivono,Film,,,,Solo Gli Amanti Sopravvivono HD.mkv,.,.mkv,,Memoria 3,F:\Solo Gli Amanti Sopravvivono HD.mkv,2026-08-20
Source Code,Film,,,,Source Code HD.mkv,.,.mkv,5867.6,Memoria 1,F:\Film Miei HD\Source Code HD.mkv,2026-08-20
Southpaw,Film,,,,Southpaw HD.mkv,.,.mkv,7296.4,Memoria 2,F:Southpaw HD.mkv,2026-08-20
Space Jam,Film,,,,Space Jam HD.mkv,.,.mkv,6430.6,Memoria 2,F:Space Jam HD.mkv,2026-08-20
Spider Man 3,Film,,,,Spider Man 3 HD.mkv,.,.mkv,8143.4,Memoria 1,F:\Film Miei HD\Spider Man 3 HD.mkv,2026-08-20
Spider-Man - Homecoming,Film,,,,Spider-Man - Homecoming HD.mkv,.,.mkv,,Memoria 3,F:\Spider-Man - Homecoming HD.mkv,2026-08-20
Spider-Man - Un Nuovo Universo,Film,,,,Spider-Man - Un Nuovo Universo HD.mkv,.,.mkv,,Memoria 3,F:\Spider-Man - Un Nuovo Universo HD.mkv,2026-08-20
Spring Breakers - Una Vacanza Da Sballo,Film,,,,Spring Breakers - Una Vacanza Da Sballo HD.mkv,.,.mkv,4475.9,Memoria 1,F:\Film Miei HD\Spring Breakers - Una Vacanza Da Sballo HD.mkv,2026-08-20
Star Trek - Beyond,Film,,,,Star Trek - Beyond HD.mkv,.,.mkv,,Memoria 3,F:\Star Trek - Beyond HD.mkv,2026-08-20
Star Trek - Il Futuro Ha Inizio,Film,,,,Star Trek - Il Futuro Ha Inizio HD.mkv,.,.mkv,8143.0,Memoria 1,F:\Film Miei HD\Star Trek - Il Futuro Ha Inizio HD.mkv,2026-08-20
Star Trek - Into Darkness,Film,,,,Star Trek - Into Darkness HD.mkv,.,.mkv,11404.4,Memoria 1,F:\Film Miei HD\Star Trek - Into Darkness HD.mkv,2026-08-20
Star Wars I - La Minaccia Fantasma,Film,,,,Star Wars I - La Minaccia Fantasma HD.mkv,.,.mkv,8148.1,Memoria 1,F:\Film Miei HD\Star Wars I - La Minaccia Fantasma HD.mkv,2026-08-20
Star Wars II - L'Attacco Dei Cloni,Film,,,,Star Wars II - L'Attacco Dei Cloni HD.mkv,.,.mkv,8146.2,Memoria 1,F:\Film Miei HD\Star Wars II - L'Attacco Dei Cloni HD.mkv,2026-08-20
Star Wars III - La Vendetta Dei Sith,Film,,,,Star Wars III - La Vendetta Dei Sith HD.mkv,.,.mkv,8148.4,Memoria 1,F:\Film Miei HD\Star Wars III - La Vendetta Dei Sith HD.mkv,2026-08-20
Star Wars IV - Una Nuova Speranza,Film,,,,Star Wars IV - Una Nuova Speranza HD.mkv,.,.mkv,8146.8,Memoria 2,F:Star Wars IV - Una Nuova Speranza HD.mkv,2026-08-20
Star Wars V - L'Impero Colpisce Ancora,Film,,,,Star Wars V - L'Impero Colpisce Ancora HD.mkv,.,.mkv,8148.0,Memoria 2,F:Star Wars V - L'Impero Colpisce Ancora HD.mkv,2026-08-20
Star Wars VI - Il Ritorno Dello Jedi,Film,,,,Star Wars VI - Il Ritorno Dello Jedi HD.mkv,.,.mkv,8148.2,Memoria 2,F:Star Wars VI - Il Ritorno Dello Jedi HD.mkv,2026-08-20
Star Wars VII - Il Risveglio Della Forza,Film,,,,Star Wars VII - Il Risveglio Della Forza HD.mkv,.,.mkv,13295.4,Memoria 2,F:Star Wars VII - Il Risveglio Della Forza HD.mkv,2026-08-20
Star Wars VIII - Gli Ultimi Jedi,Film,,,,Star Wars VIII - Gli Ultimi Jedi HD.mkv,.,.mkv,,Memoria 3,F:\Star Wars VIII - Gli Ultimi Jedi HD.mkv,2026-08-20
Starship Troopers,Film,,,,Starship Troopers HD.mkv,.,.mkv,,Memoria 3,F:\Starship Troopers HD.mkv,2026-08-20
Starsky & Hutch,Film,,,,Starsky & Hutch HD.mkv,.,.mkv,8143.0,Memoria 1,F:\Film Miei HD\Starsky & Hutch HD.mkv,2026-08-20
Steve Jobs,Film,,,,Steve Jobs HD.mkv,.,.mkv,12351.5,Memoria 2,F:Steve Jobs HD.mkv,2026-08-20
Still Alice,Film,,,,Still Alice HD.mkv,.,.mkv,9059.6,Memoria 1,F:\Film Miei HD\Still Alice HD.mkv,2026-08-20
Storia D'Inverno,Film,,,,Storia D'Inverno HD.mkv,.,.mkv,4584.2,Memoria 1,F:\Film Miei HD\Storia D'Inverno HD.mkv,2026-08-20
Storie Pazzesche,Film,,,,Storie Pazzesche HD.mkv,.,.mkv,9457.5,Memoria 1,F:\Film Miei HD\Storie Pazzesche HD.mkv,2026-08-20
Suburbicon,Film,,,,Suburbicon HD.mkv,.,.mkv,,Memoria 3,F:\Suburbicon HD.mkv,2026-08-20
Suburra,Film,,,,Suburra HD.mkv,.,.mkv,9842.2,Memoria 2,F:Suburra HD.mkv,2026-08-20
Suicide Squad,Film,,,,Suicide Squad HD.mkv,.,.mkv,,Memoria 3,F:\Suicide Squad HD.mkv,2026-08-20
Sully,Film,,,,Sully HD.mkv,.,.mkv,,Memoria 3,F:\Sully HD.mkv,2026-08-20
Super 8,Film,,,,Super 8 HD.mkv,.,.mkv,8143.1,Memoria 1,F:\Film Miei HD\Super 8 HD.mkv,2026-08-20
SWOP - I Sessodipendenti,Film,,,,SWOP - I Sessodipendenti HD.mkv,.,.mkv,,Memoria 3,F:\SWOP - I Sessodipendenti HD.mkv,2026-08-20
Tag,Film,,,,Tag HD.mkv,.,.mkv,,Memoria 3,F:\Tag HD.mkv,2026-08-20
Taken 3 - L'Ora Della Verità,Film,,,,Taken 3 - L'Ora Della Verità HD.mkv,.,.mkv,11313.0,Memoria 1,F:\Film Miei HD\Taken 3 - L'Ora Della Verità HD.mkv,2026-08-20
Tartarughe Ninja,Film,,,,Tartarughe Ninja HD.mkv,.,.mkv,8316.2,Memoria 1,F:\Film Miei HD\Tartarughe Ninja HD.mkv,2026-08-20
Taxi Driver,Film,,,,Taxi Driver HD.mkv,.,.mkv,8150.2,Memoria 1,F:\Film Miei HD\Taxi Driver HD.mkv,2026-08-20
Ted Bundy - Fascino Criminale,Film,,,,Ted Bundy - Fascino Criminale HD.mkv,.,.mkv,,Memoria 3,F:\Ted Bundy - Fascino Criminale HD.mkv,2026-08-20
Terminator 6 - Dark Fate,Film,,,,Terminator 6 - Dark Fate HD.mkv,.,.mkv,,Memoria 3,F:\Terminator 6 - Dark Fate HD.mkv,2026-08-20
The Amazing SpiderMan,Film,,,,The Amazing SpiderMan HD.mkv,.,.mkv,11710.3,Memoria 1,F:\Film Miei HD\The Amazing SpiderMan HD.mkv,2026-08-20
The Amazing SpiderMan 2 - Il Potere Di Electro,Film,,,,The Amazing SpiderMan 2 - Il Potere Di Electro HD.mkv,.,.mkv,6165.4,Memoria 1,F:\Film Miei HD\The Amazing SpiderMan 2 - Il Potere Di Electro HD.mkv,2026-08-20
The Avengers,Film,,,,The Avengers HD.mkv,.,.mkv,21573.0,Memoria 1,F:\Film Miei HD\The Avengers HD.mkv,2026-08-20
The Bling Ring,Film,,,,The Bling Ring HD.mkv,.,.mkv,9792.5,Memoria 1,F:\Film Miei HD\The Bling Ring HD.mkv,2026-08-20
The Blues Brothers,Film,,,,The Blues Brothers HD.mkv,.,.mkv,8151.0,Memoria 1,F:\Film Miei HD\The Blues Brothers HD.mkv,2026-08-20
The Blues Brothers,Film,,,,The Blues Brothers HD.mkv,.,.mkv,8147.6,Memoria 2,F:The Blues Brothers HD.mkv,2026-08-20
The Bourne Identity,Film,,,,The Bourne Identity HD.mkv,.,.mkv,4995.2,Memoria 1,F:\Film Miei HD\The Bourne Identity HD.mkv,2026-08-20
The Bourne Legacy,Film,,,,The Bourne Legacy HD.mkv,.,.mkv,11481.5,Memoria 2,F:The Bourne Legacy HD.mkv,2026-08-20
The Bourne Supremacy,Film,,,,The Bourne Supremacy HD.mkv,.,.mkv,4760.2,Memoria 1,F:\Film Miei HD\The Bourne Supremacy HD.mkv,2026-08-20
The Bourne Ultimatum,Film,,,,The Bourne Ultimatum HD.mkv,.,.mkv,4477.7,Memoria 1,F:\Film Miei HD\The Bourne Ultimatum HD.mkv,2026-08-20
The Butler - Un Maggiordomo Alla Casa Bianca,Film,,,,The Butler - Un Maggiordomo Alla Casa Bianca HD.mkv,.,.mkv,13750.3,Memoria 1,F:\Film Miei HD\The Butler - Un Maggiordomo Alla Casa Bianca HD.mkv,2026-08-20
The Butterfly Effect,Film,,,,The Butterfly Effect HD.mkv,.,.mkv,5755.6,Memoria 1,F:\Film Miei HD\The Butterfly Effect HD.mkv,2026-08-20
The Chronicles Of Riddick,Film,,,,The Chronicles Of Riddick HD.mkv,.,.mkv,8147.8,Memoria 1,F:\Film Miei HD\The Chronicles Of Riddick HD.mkv,2026-08-20
The Counselor,Film,,,,The Counselor HD.mkv,.,.mkv,10699.2,Memoria 1,F:\Film Miei HD\The Counselor HD.mkv,2026-08-20
The Croods,Film,,,,The Croods HD.mkv,.,.mkv,,Memoria 3,F:\The Croods HD.mkv,2026-08-20
The Danish Girl,Film,,,,The Danish Girl HD.mkv,.,.mkv,,Memoria 3,F:\The Danish Girl HD.mkv,2026-08-20
The Day After Tomorrow,Film,,,,The Day After Tomorrow HD.mkv,.,.mkv,8148.9,Memoria 1,F:\Film Miei HD\The Day After Tomorrow HD.mkv,2026-08-20
The Departed - Il Bene E Il Male,Film,,,,The Departed - Il Bene E Il Male HD.mkv,.,.mkv,12213.3,Memoria 1,F:\Film Miei HD\The Departed - Il Bene E Il Male HD.mkv,2026-08-20
The Disaster Artist,Film,,,,The Disaster Artist HD.mkv,.,.mkv,,Memoria 3,F:\The Disaster Artist HD.mkv,2026-08-20
The Divergent Series - Allegiant,Film,,,,The Divergent Series - Allegiant HD.mkv,.,.mkv,12916.3,Memoria 2,F:The Divergent Series - Allegiant HD.mkv,2026-08-20
The Divergent Series - Insurgent,Film,,,,The Divergent Series - Insurgent HD.mkv,.,.mkv,3675.6,Memoria 2,F:The Divergent Series - Insurgent HD.mkv,2026-08-20
The Dreamers,Film,,,,The Dreamers HD (Eng).mkv,.,.mkv,10339.7,Memoria 1,F:\Film Miei HD\The Dreamers HD (Eng).mkv,2026-08-20
The Dressmaker - Il Diavolo E' Tornato,Film,,,,The Dressmaker - Il Diavolo E' Tornato HD.mkv,.,.mkv,,Memoria 3,F:\The Dressmaker - Il Diavolo E' Tornato HD.mkv,2026-08-20
The Drop - Chi E' Senza Colpa,Film,,,,The Drop - Chi E' Senza Colpa HD.mkv,.,.mkv,8483.9,Memoria 1,F:\Film Miei HD\The Drop - Chi E' Senza Colpa HD.mkv,2026-08-20
The Experiment,Film,,,,The Experiment HD.mkv,.,.mkv,2825.7,Memoria 1,F:\Film Miei HD\The Experiment HD.mkv,2026-08-20
The Fast and the Furious - Tokyo Drift,Film,,,,The Fast and the Furious - Tokyo Drift HD.mkv,.,.mkv,4470.2,Memoria 1,F:\Film Miei HD\The Fast and the Furious - Tokyo Drift HD.mkv,2026-08-20
The Fighter,Film,,,,The Fighter HD.mkv,.,.mkv,8147.5,Memoria 1,F:\Film Miei HD\The Fighter HD.mkv,2026-08-20
The Founder,Film,,,,The Founder HD.mkv,.,.mkv,,Memoria 3,F:\The Founder HD.mkv,2026-08-20
The Great Wall,Film,,,,The Great Wall HD.mkv,.,.mkv,,Memoria 3,F:\The Great Wall HD.mkv,2026-08-20
The Greatest Showman,Film,,,,The Greatest Showman HD.mkv,.,.mkv,,Memoria 3,F:\The Greatest Showman HD.mkv,2026-08-20
The Guest,Film,,,,The Guest HD.mkv,.,.mkv,9369.3,Memoria 2,F:The Guest HD.mkv,2026-08-20
The Hateful Eight,Film,,,,The Hateful Eight HD.mkv,.,.mkv,13995.1,Memoria 2,F:The Hateful Eight HD.mkv,2026-08-20
The Incredible Hulk,Film,,,,The Incredible Hulk.mkv,.,.mkv,,Memoria 3,F:\The Incredible Hulk.mkv,2026-08-20
The Island,Film,,,,The Island HD.mkv,.,.mkv,8149.8,Memoria 1,F:\Film Miei HD\The Island HD.mkv,2026-08-20
The Jackal,Film,,,,The Jackal HD.mkv,.,.mkv,4482.9,Memoria 1,F:\Film Miei HD\The Jackal HD.mkv,2026-08-20
The Judge,Film,,,,The Judge HD.mkv,.,.mkv,12051.5,Memoria 1,F:\Film Miei HD\The Judge HD.mkv,2026-08-20
The Legend Of Tarzan,Film,,,,The Legend Of Tarzan HD.mkv,.,.mkv,,Memoria 3,F:\The Legend Of Tarzan HD.mkv,2026-08-20
The Loft,Film,,,,The Loft HD.mkv,.,.mkv,,Memoria 3,F:\The Loft HD.mkv,2026-08-20
The Matrix,Film,,,,The Matrix HD.mkv,.,.mkv,7872.8,Memoria 1,F:\Film Miei HD\The Matrix HD.mkv,2026-08-20
The Matrix Reloaded,Film,,,,The Matrix Reloaded HD.mkv,.,.mkv,7868.6,Memoria 1,F:\Film Miei HD\The Matrix Reloaded HD.mkv,2026-08-20
The Matrix Revolutions,Film,,,,The Matrix Revolutions HD.mkv,.,.mkv,7920.3,Memoria 1,F:\Film Miei HD\The Matrix Revolutions HD.mkv,2026-08-20
The Millionaire,Film,,,,The Millionaire HD.mkv,.,.mkv,10543.2,Memoria 1,F:\Film Miei HD\The Millionaire HD.mkv,2026-08-20
The Mummy,Film,,,,The Mummy HD.mkv,.,.mkv,,Memoria 3,F:\The Mummy HD.mkv,2026-08-20
The New World,Film,,,,The New World HD.mkv,.,.mkv,11747.0,Memoria 1,F:\Film Miei HD\The New World HD.mkv,2026-08-20
The Outsiders,Film,,,,The Outsiders HD.mkv,.,.mkv,,Memoria 3,F:\The Outsiders HD.mkv,2026-08-20
The Paperboy,Film,,,,The Paperboy HD.mkv,.,.mkv,2541.1,Memoria 1,F:\Film Miei HD\The Paperboy HD.mkv,2026-08-20
The Post,Film,,,,The Post HD.mkv,.,.mkv,,Memoria 3,F:\The Post HD.mkv,2026-08-20
The Prestige,Film,,,,The Prestige HD.mkv,.,.mkv,8144.7,Memoria 1,F:\Film Miei HD\The Prestige HD.mkv,2026-08-20
The Pusher,Film,,,,The Pusher HD.mkv,.,.mkv,6093.5,Memoria 1,F:\Film Miei HD\The Pusher HD.mkv,2026-08-20
The Raid,Film,,,,The Raid HD.mkv,.,.mkv,,Memoria 3,F:\The Raid HD.mkv,2026-08-20
The Social Network,Film,,,,The Social Network HD.mkv,.,.mkv,4477.6,Memoria 1,F:\Film Miei HD\The Social Network HD.mkv,2026-08-20
The Truman Show,Film,,,,The Truman Show HD.mkv,.,.mkv,8148.6,Memoria 1,F:\Film Miei HD\The Truman Show HD.mkv,2026-08-20
The War - Il Pianeta Delle Scimmie,Film,,,,The War - Il Pianeta Delle Scimmie HD.mkv,.,.mkv,,Memoria 3,F:\The War - Il Pianeta Delle Scimmie HD.mkv,2026-08-20
The Wolf Of Wall Street,Film,,,,The Wolf Of Wall Street HD.mkv,.,.mkv,18158.4,Memoria 1,F:\Film Miei HD\The Wolf Of Wall Street HD.mkv,2026-08-20
The Words,Film,,,,The Words HD.mkv,.,.mkv,4477.6,Memoria 1,F:\Film Miei HD\The Words HD.mkv,2026-08-20
Thelma And Louise,Film,,,,Thelma And Louise HD.mkv,.,.mkv,4481.4,Memoria 1,F:\Film Miei HD\Thelma And Louise HD.mkv,2026-08-20
There Will Be Blood,Film,,,,There Will Be Blood HD.mkv,.,.mkv,,Memoria 3,F:\There Will Be Blood HD.mkv,2026-08-20
Thor,Film,,,,Thor HD.mkv,.,.mkv,12333.8,Memoria 1,F:\Film Miei HD\Thor HD.mkv,2026-08-20
Thor - The Dark World,Film,,,,Thor - The Dark World HD.mkv,.,.mkv,,Memoria 3,F:\Thor - The Dark World HD.mkv,2026-08-20
Thor Ragnarok,Film,,,,Thor Ragnarok HD.mkv,.,.mkv,,Memoria 3,F:\Thor Ragnarok HD.mkv,2026-08-20
Titanic,Film,,,,Titanic HD.mkv,.,.mkv,8906.3,Memoria 1,F:\Film Miei HD\Titanic HD.mkv,2026-08-20
Tomb Raider - Lara Croft,Film,,,,Tomb Raider - Lara Croft HD.mkv,.,.mkv,,Memoria 3,F:\Tomb Raider - Lara Croft HD.mkv,2026-08-20
Tombd Raider - La culla Della Vita,Film,,,,Tombd Raider - La culla Della Vita HD.mkv,.,.mkv,,Memoria 3,F:\Tombd Raider - La culla Della Vita HD.mkv,2026-08-20
Toy Story - Il Mondo Dei Giocattoli,Film,,,,(Pixar) - Toy Story - Il Mondo Dei Giocattoli HD.mkv,.,.mkv,,Memoria 3,F:\(Pixar) - Toy Story - Il Mondo Dei Giocattoli HD.mkv,2026-08-20
Toy Story 2 - Woody E Buzz Alla Riscossa,Film,,,,(Pixar) - Toy Story 2 - Woody E Buzz Alla Riscossa HD.mkv,.,.mkv,,Memoria 3,F:\(Pixar) - Toy Story 2 - Woody E Buzz Alla Riscossa HD.mkv,2026-08-20
Toy Story 3 - La Grande Fuga,Film,,,,(Pixar) - Toy Story 3 - La Grande Fuga HD.mkv,.,.mkv,,Memoria 3,F:\(Pixar) - Toy Story 3 - La Grande Fuga HD.mkv,2026-08-20
Trafficanti,Film,,,,Trafficanti HD.mkv,.,.mkv,,Memoria 3,F:\Trafficanti HD.mkv,2026-08-20
Trainspotting 2,Film,,,,Trainspotting 2 HD.mkv,.,.mkv,,Memoria 3,F:\Trainspotting 2 HD.mkv,2026-08-20
Transcendence,Film,,,,Transcendence HD.mkv,.,.mkv,8917.5,Memoria 1,F:\Film Miei HD\Transcendence HD.mkv,2026-08-20
Transformers,Film,,,CD1,Transformers - CD1 HD.mkv,.,.mkv,4481.4,Memoria 1,F:\Film Miei HD\Transformers - CD1 HD.mkv,2026-08-20
Transformers,Film,,,CD2,Transformers - CD2 HD.mkv,.,.mkv,4482.1,Memoria 1,F:\Film Miei HD\Transformers - CD2 HD.mkv,2026-08-20
Transformers - La Vendetta del Caduto,Film,,,,Transformers - La Vendetta del Caduto HD.mkv,.,.mkv,20989.9,Memoria 1,F:\Film Miei HD\Transformers - La Vendetta del Caduto HD.mkv,2026-08-20
Transformers 3 - Dark of the Moon,Film,,,,Transformers 3 - Dark of the Moon HD.mkv,.,.mkv,4480.5,Memoria 1,F:\Film Miei HD\Transformers 3 - Dark of the Moon HD.mkv,2026-08-20
Transformers 4 - L'Era Dell'Estinzione,Film,,,,Transformers 4 - L'Era Dell'Estinzione HD.mkv,.,.mkv,5411.9,Memoria 1,F:\Film Miei HD\Transformers 4 - L'Era Dell'Estinzione HD.mkv,2026-08-20
Transformers 5 - L'Ultimo Cavaliere,Film,,,,Transformers 5 - L'Ultimo Cavaliere HD.mkv,.,.mkv,,Memoria 3,F:\Transformers 5 - L'Ultimo Cavaliere HD.mkv,2026-08-20
Trasgredire,Film,,,,Trasgredire HD.mkv,.,.mkv,,Memoria 3,F:\Trasgredire HD.mkv,2026-08-20
Trash,Film,,,,Trash HD.mkv,.,.mkv,9532.6,Memoria 1,F:\Film Miei HD\Trash HD.mkv,2026-08-20
Tre Manifesti A Ebbing Missouri,Film,,,,Tre Manifesti A Ebbing Missouri HD.mkv,.,.mkv,,Memoria 3,F:\Tre Manifesti A Ebbing Missouri HD.mkv,2026-08-20
Tremors - A Cold Day In Hell,Film,,,,Tremors - A Cold Day In Hell HD.mkv,.,.mkv,,Memoria 3,F:\Tremors - A Cold Day In Hell HD.mkv,2026-08-20
Tron Legacy,Film,,,,Tron Legacy.mkv,.,.mkv,,Memoria 3,F:\Tron Legacy.mkv,2026-08-20
Troy,Film,,,,Troy HD.mkv,.,.mkv,16316.7,Memoria 1,F:\Film Miei HD\Troy HD.mkv,2026-08-20
Truth - Il Prezzo Della Verità,Film,,,,Truth - Il Prezzo Della Verità HD.mkv,.,.mkv,,Memoria 3,F:\Truth - Il Prezzo Della Verità HD.mkv,2026-08-20
Twilight,Film,,,,Twilight HD.mkv,.,.mkv,8293.8,Memoria 1,F:\Film Miei HD\Twilight HD.mkv,2026-08-20
Twilight - Breaking Dawn - PT 2,Film,,,,Twilight - Breaking Dawn - PT 2 HD.mkv,.,.mkv,8153.4,Memoria 2,F:Twilight - Breaking Dawn - PT 2 HD.mkv,2026-08-20
Twilight - Breaking Down Parte 1,Film,,,,Twilight - Breaking Down Parte 1 HD.mkv,.,.mkv,4469.5,Memoria 1,F:\Film Miei HD\Twilight - Breaking Down Parte 1 HD.mkv,2026-08-20
Twilight - Eclipse,Film,,,,Twilight - Eclipse HD.mkv,.,.mkv,8136.7,Memoria 2,F:Twilight - Eclipse HD.mkv,2026-08-20
Twilight - New Moon,Film,,,,Twilight - New Moon HD.mkv,.,.mkv,7987.1,Memoria 1,F:\Film Miei HD\Twilight - New Moon HD.mkv,2026-08-20
Un Amore Di Gioventù,Film,,,,Un Amore Di Gioventù HD.mkv,.,.mkv,4817.8,Memoria 2,F:Un Amore Di Gioventù HD.mkv,2026-08-20
Un Giorno di Ordinaria Follia,Film,,,,Un Giorno di Ordinaria Follia HD.mkv,.,.mkv,,Memoria 3,F:\Un Giorno di Ordinaria Follia HD.mkv,2026-08-20
Un Momento Di Follia,Film,,,,Un Momento Di Follia HD.mkv,.,.mkv,,Memoria 3,F:\Un Momento Di Follia HD.mkv,2026-08-20
Un Uomo Tranquillo,Film,,,,Un Uomo Tranquillo HD.mkv,.,.mkv,,Memoria 3,F:\Un Uomo Tranquillo HD.mkv,2026-08-20
Una Notte Al Museo,Film,,,,Una Notte Al Museo HD.mkv,.,.mkv,,Memoria 3,F:\Una Notte Al Museo HD.mkv,2026-08-20
Una Notte Al Museo 2,Film,,,,Una Notte Al Museo 2 HD.mkv,.,.mkv,,Memoria 3,F:\Una Notte Al Museo 2 HD.mkv,2026-08-20
Una Notte Da Leoni,Film,,,,Una Notte Da Leoni HD.mkv,.,.mkv,5711.1,Memoria 1,F:\Film Miei HD\Una Notte Da Leoni HD.mkv,2026-08-20
Una Notte Da Leoni 2,Film,,,,Una Notte Da Leoni 2 HD.mkv,.,.mkv,5858.5,Memoria 1,F:\Film Miei HD\Una Notte Da Leoni 2 HD.mkv,2026-08-20
Una Notte Da Leoni 3,Film,,,,Una Notte Da Leoni 3 HD.mkv,.,.mkv,8141.5,Memoria 1,F:\Film Miei HD\Una Notte Da Leoni 3 HD.mkv,2026-08-20
Una Settimana Da Dio,Film,,,,Una Settimana Da Dio HD.mkv,.,.mkv,4486.0,Memoria 2,F:Una Settimana Da Dio HD.mkv,2026-08-20
Unbroken,Film,,,,Unbroken HD.mkv,.,.mkv,8331.7,Memoria 1,F:\Film Miei HD\Unbroken HD.mkv,2026-08-20
Underworld - Blood Wars,Film,,,,Underworld - Blood Wars HD.mkv,.,.mkv,,Memoria 3,F:\Underworld - Blood Wars HD.mkv,2026-08-20
Up,Film,,,,(Pixar) - Up HD.mkv,.,.mkv,,Memoria 3,F:\(Pixar) - Up HD.mkv,2026-08-20
V Per Vendetta,Film,,,,V Per Vendetta HD.mkv,.,.mkv,4468.4,Memoria 1,F:\Film Miei HD\V Per Vendetta HD.mkv,2026-08-20
Valerian E La Città Dei Mille Pianeti,Film,,,,Valerian E La Città Dei Mille Pianeti HD.mkv,.,.mkv,,Memoria 3,F:\Valerian E La Città Dei Mille Pianeti HD.mkv,2026-08-20
Van Helsing,Film,,,,Van Helsing HD.mkv,.,.mkv,8146.9,Memoria 1,F:\Film Miei HD\Van Helsing HD.mkv,2026-08-20
Veloce Come Il Vento,Film,,,,Veloce Come Il Vento HD.mkv,.,.mkv,,Memoria 3,F:\Veloce Come Il Vento HD.mkv,2026-08-20
Vento Di Passioni,Film,,,,Vento Di Passioni HD.mkv,.,.mkv,,Memoria 3,F:\Vento Di Passioni HD.mkv,2026-08-20
Vicky Cristina Barcelona,Film,,,,Vicky Cristina Barcelona HD.mkv,.,.mkv,685.0,Memoria 2,F:Vicky Cristina Barcelona HD.mkv,2026-08-20
Vita Di Pi,Film,,,,Vita Di Pi.mkv,.,.mkv,8143.8,Memoria 1,F:\Film Miei HD\Vita Di Pi.mkv,2026-08-20
WALL-E,Film,,,,(Pixar) - WALL-E HD.mkv,.,.mkv,,Memoria 3,F:\(Pixar) - WALL-E HD.mkv,2026-08-20
Wanted,Film,,,,Wanted HD.mkv,.,.mkv,6612.0,Memoria 2,F:Wanted HD.mkv,2026-08-20
Warcraft - L'Inizio,Film,,,,Warcraft - L'Inizio HD.MKV,.,.mkv,10445.7,Memoria 2,F:Warcraft - L'Inizio HD.MKV,2026-08-20
Warrior,Film,,,,Warrior HD.mkv,.,.mkv,8148.5,Memoria 1,F:\Film Miei HD\Warrior HD.mkv,2026-08-20
Whiplash,Film,,,,Whiplash HD.mkv,.,.mkv,7994.3,Memoria 1,F:\Film Miei HD\Whiplash HD.mkv,2026-08-20
Wild,Film,,,,Wild HD.mkv,.,.mkv,10269.0,Memoria 1,F:\Film Miei HD\Wild HD.mkv,2026-08-20
Wild Wild West,Film,,,,Wild Wild West HD.mkv,.,.mkv,4483.2,Memoria 1,F:\Film Miei HD\Wild Wild West HD.mkv,2026-08-20
Will Hunting - Genio Ribelle,Film,,,,Will Hunting - Genio Ribelle HD.mkv,.,.mkv,,Memoria 3,F:\Will Hunting - Genio Ribelle HD.mkv,2026-08-20
Wolverine - L'Immortale,Film,,,,Wolverine - L'Immortale HD.mkv,.,.mkv,13312.0,Memoria 2,F:Wolverine - L'Immortale HD.mkv,2026-08-20
Wolverine - L'Immortale,Film,,,,Wolverine - L'Immortale HD.mkv,.,.mkv,,Memoria 3,F:\Wolverine - L'Immortale HD.mkv,2026-08-20
Wonder Woman,Film,,,,Wonder Woman HD.mkv,.,.mkv,,Memoria 3,F:\Wonder Woman HD.mkv,2026-08-20
World War Z,Film,,,,World War Z HD.mkv,.,.mkv,10287.9,Memoria 1,F:\Film Miei HD\World War Z HD.mkv,2026-08-20
X-Man 1,Film,,,CD1,X-Man 1 - CD1 HD.mkv,.,.mkv,4482.1,Memoria 1,F:\Film Miei HD\X-Man 1 - CD1 HD.mkv,2026-08-20
X-Man 1,Film,,,CD2,X-Man 1 - CD2 HD.mkv,.,.mkv,4472.8,Memoria 1,F:\Film Miei HD\X-Man 1 - CD2 HD.mkv,2026-08-20
X-Men - Apocalisse,Film,,,,X-Men - Apocalisse HD.mkv,.,.mkv,7578.2,Memoria 2,F:X-Men - Apocalisse HD.mkv,2026-08-20
X-Men - Dark Phoenix,Film,,,,X-Men - Dark Phoenix HD.MKV,.,.mkv,,Memoria 3,F:\X-Men - Dark Phoenix HD.MKV,2026-08-20
X-Men - First Class,Film,,,,X-Men - First Class HD.mkv,.,.mkv,8144.8,Memoria 1,F:\Film Miei HD\X-Men - First Class HD.mkv,2026-08-20
X-Men - Giorni Di Un Futuro Passato,Film,,,,X-Men - Giorni Di Un Futuro Passato HD.mkv,.,.mkv,10277.2,Memoria 1,F:\Film Miei HD\X-Men - Giorni Di Un Futuro Passato HD.mkv,2026-08-20
X-Men - Le origini Wolverine,Film,,,,X-Men - Le origini Wolverine HD.mkv,.,.mkv,8480.9,Memoria 1,F:\Film Miei HD\X-Men - Le origini Wolverine HD.mkv,2026-08-20
X-Men 2,Film,,,CD1,X-Men 2 - CD1 HD.mkv,.,.mkv,4478.5,Memoria 1,F:\Film Miei HD\X-Men 2 - CD1 HD.mkv,2026-08-20
X-Men 2,Film,,,CD2,X-Men 2 - CD2 HD.mkv,.,.mkv,4476.5,Memoria 1,F:\Film Miei HD\X-Men 2 - CD2 HD.mkv,2026-08-20
X-Men 3,Film,,,CD1,X-Men 3 - CD1 HD.mkv,.,.mkv,4476.3,Memoria 1,F:\Film Miei HD\X-Men 3 - CD1 HD.mkv,2026-08-20
X-Men 3,Film,,,CD2,X-Men 3 - CD2 HD.mkv,.,.mkv,4467.6,Memoria 1,F:\Film Miei HD\X-Men 3 - CD2 HD.mkv,2026-08-20
Yesterday,Film,,,,Yesterday HD.mkv,.,.mkv,,Memoria 3,F:\Yesterday HD.mkv,2026-08-20
Young Frankenstein,Film,,,,Young Frankenstein HD.mkv,.,.mkv,8129.7,Memoria 2,F:Young Frankenstein HD.mkv,2026-08-20
Zombieland - Doppio Colpo,Film,,,,Zombieland - Doppio Colpo HD.mkv,.,.mkv,,Memoria 3,F:\Zombieland - Doppio Colpo HD.mkv,2026-08-20
Zona D'Ombra,Film,,,,Zona D'Ombra HD.mkv,.,.mkv,,Memoria 3,F:\Zona D'Ombra HD.mkv,2026-08-20
Zoolander,Film,,,,Zoolander HD.mkv,.,.mkv,4481.3,Memoria 2,F:Zoolander HD.mkv,2026-08-20
Zoolander 2,Film,,,,Zoolander 2 HD.mkv,.,.mkv,,Memoria 3,F:\Zoolander 2 HD.mkv,2026-08-20
Zootropolis,Film,,,,Zootropolis HD.mkv,.,.mkv,7374.5,Memoria 2,F:Zootropolis HD.mkv,2026-08-20
Black Sails,Serie TV,,1,S01E01,Black Sails - 1x01 - Capitolo I HD.mkv,Black Sails\Black Sails - I Stagione HD,.mkv,,Memoria S,F:\SERIE TV\Black Sails\Black Sails - I Stagione HD\Black Sails - 1x01 - Capitolo I HD.mkv,2026-08-20
Black Sails,Serie TV,,1,S01E02,Black Sails - 1X02 - Capitolo II HD.mkv,Black Sails\Black Sails - I Stagione HD,.mkv,,Memoria S,F:\SERIE TV\Black Sails\Black Sails - I Stagione HD\Black Sails - 1X02 - Capitolo II HD.mkv,2026-08-20
Black Sails,Serie TV,,1,S01E03,Black Sails - 1X03 - Capitolo III HD.mkv,Black Sails\Black Sails - I Stagione HD,.mkv,,Memoria S,F:\SERIE TV\Black Sails\Black Sails - I Stagione HD\Black Sails - 1X03 - Capitolo III HD.mkv,2026-08-20
Black Sails,Serie TV,,1,S01E04,Black Sails - 1X04 - Capitolo IV HD.mkv,Black Sails\Black Sails - I Stagione HD,.mkv,,Memoria S,F:\SERIE TV\Black Sails\Black Sails - I Stagione HD\Black Sails - 1X04 - Capitolo IV HD.mkv,2026-08-20
Black Sails,Serie TV,,1,S01E05,Black Sails - 1X05 - Capitolo V HD.mkv,Black Sails\Black Sails - I Stagione HD,.mkv,,Memoria S,F:\SERIE TV\Black Sails\Black Sails - I Stagione HD\Black Sails - 1X05 - Capitolo V HD.mkv,2026-08-20
Black Sails,Serie TV,,1,S01E06,Black Sails - 1X06 - Capitolo VI HD.mkv,Black Sails\Black Sails - I Stagione HD,.mkv,,Memoria S,F:\SERIE TV\Black Sails\Black Sails - I Stagione HD\Black Sails - 1X06 - Capitolo VI HD.mkv,2026-08-20
Black Sails,Serie TV,,1,S01E07,Black Sails - 1X07 - Capitolo VII HD.mkv,Black Sails\Black Sails - I Stagione HD,.mkv,,Memoria S,F:\SERIE TV\Black Sails\Black Sails - I Stagione HD\Black Sails - 1X07 - Capitolo VII HD.mkv,2026-08-20
Black Sails,Serie TV,,1,S01E08,Black Sails - 1X08 - Capitolo VIII HD.mkv,Black Sails\Black Sails - I Stagione HD,.mkv,,Memoria S,F:\SERIE TV\Black Sails\Black Sails - I Stagione HD\Black Sails - 1X08 - Capitolo VIII HD.mkv,2026-08-20
Black Sails,Serie TV,,2,S02E01,Black Sails - 2x01 - Capitolo IX HD.mkv,Black Sails\Black Sails - II Stagione HD,.mkv,,Memoria S,F:\SERIE TV\Black Sails\Black Sails - II Stagione HD\Black Sails - 2x01 - Capitolo IX HD.mkv,2026-08-20
Black Sails,Serie TV,,2,S02E02,Black Sails - 2x02 - Capitolo X HD.mkv,Black Sails\Black Sails - II Stagione HD,.mkv,,Memoria S,F:\SERIE TV\Black Sails\Black Sails - II Stagione HD\Black Sails - 2x02 - Capitolo X HD.mkv,2026-08-20
Black Sails,Serie TV,,2,S02E03,Black Sails - 2x03 - Capitolo XI HD.mkv,Black Sails\Black Sails - II Stagione HD,.mkv,,Memoria S,F:\SERIE TV\Black Sails\Black Sails - II Stagione HD\Black Sails - 2x03 - Capitolo XI HD.mkv,2026-08-20
Black Sails,Serie TV,,2,S02E04,Black Sails - 2x04 - Capitolo XII HD.mkv,Black Sails\Black Sails - II Stagione HD,.mkv,,Memoria S,F:\SERIE TV\Black Sails\Black Sails - II Stagione HD\Black Sails - 2x04 - Capitolo XII HD.mkv,2026-08-20
Black Sails,Serie TV,,2,S02E05,Black Sails - 2x05 - Capitolo XIII HD.mkv,Black Sails\Black Sails - II Stagione HD,.mkv,,Memoria S,F:\SERIE TV\Black Sails\Black Sails - II Stagione HD\Black Sails - 2x05 - Capitolo XIII HD.mkv,2026-08-20
Black Sails,Serie TV,,2,S02E06,Black Sails - 2x06 - Capitolo XIV HD.mkv,Black Sails\Black Sails - II Stagione HD,.mkv,,Memoria S,F:\SERIE TV\Black Sails\Black Sails - II Stagione HD\Black Sails - 2x06 - Capitolo XIV HD.mkv,2026-08-20
Black Sails,Serie TV,,2,S02E07,Black Sails - 2x07 - Capitolo XV HD.mkv,Black Sails\Black Sails - II Stagione HD,.mkv,,Memoria S,F:\SERIE TV\Black Sails\Black Sails - II Stagione HD\Black Sails - 2x07 - Capitolo XV HD.mkv,2026-08-20
Black Sails,Serie TV,,2,S02E08,Black Sails - 2x08 - Capitolo XVI HD.mkv,Black Sails\Black Sails - II Stagione HD,.mkv,,Memoria S,F:\SERIE TV\Black Sails\Black Sails - II Stagione HD\Black Sails - 2x08 - Capitolo XVI HD.mkv,2026-08-20
Black Sails,Serie TV,,2,S02E09,Black Sails - 2x09 - Capitolo XVII HD.mkv,Black Sails\Black Sails - II Stagione HD,.mkv,,Memoria S,F:\SERIE TV\Black Sails\Black Sails - II Stagione HD\Black Sails - 2x09 - Capitolo XVII HD.mkv,2026-08-20
Black Sails,Serie TV,,2,S02E10,Black Sails - 2x10 - Capitolo XVIII HD.mkv,Black Sails\Black Sails - II Stagione HD,.mkv,,Memoria S,F:\SERIE TV\Black Sails\Black Sails - II Stagione HD\Black Sails - 2x10 - Capitolo XVIII HD.mkv,2026-08-20
Black Sails,Serie TV,,3,S03E01,Black Sails - 3x01 - Capitolo XIX HD.mkv,Black Sails\Black Sails - III Stagione HD,.mkv,,Memoria S,F:\SERIE TV\Black Sails\Black Sails - III Stagione HD\Black Sails - 3x01 - Capitolo XIX HD.mkv,2026-08-20
Black Sails,Serie TV,,3,S03E02,Black Sails - 3x02 - Capitolo XX HD.mkv,Black Sails\Black Sails - III Stagione HD,.mkv,,Memoria S,F:\SERIE TV\Black Sails\Black Sails - III Stagione HD\Black Sails - 3x02 - Capitolo XX HD.mkv,2026-08-20
Black Sails,Serie TV,,3,S03E03,Black Sails - 3x03 - Capitolo XXI HD.mkv,Black Sails\Black Sails - III Stagione HD,.mkv,,Memoria S,F:\SERIE TV\Black Sails\Black Sails - III Stagione HD\Black Sails - 3x03 - Capitolo XXI HD.mkv,2026-08-20
Black Sails,Serie TV,,3,S03E04,Black Sails - 3x04 - Capitolo XII HD.mkv,Black Sails\Black Sails - III Stagione HD,.mkv,,Memoria S,F:\SERIE TV\Black Sails\Black Sails - III Stagione HD\Black Sails - 3x04 - Capitolo XII HD.mkv,2026-08-20
Black Sails,Serie TV,,3,S03E05,Black Sails - 3x05 - Capitolo XXIII HD.mkv,Black Sails\Black Sails - III Stagione HD,.mkv,,Memoria S,F:\SERIE TV\Black Sails\Black Sails - III Stagione HD\Black Sails - 3x05 - Capitolo XXIII HD.mkv,2026-08-20
Black Sails,Serie TV,,3,S03E06,Black Sails - 3x06 - Capitolo XXIV HD.mkv,Black Sails\Black Sails - III Stagione HD,.mkv,,Memoria S,F:\SERIE TV\Black Sails\Black Sails - III Stagione HD\Black Sails - 3x06 - Capitolo XXIV HD.mkv,2026-08-20
Black Sails,Serie TV,,3,S03E07,Black Sails - 3x07 - Capitolo XXV HD.mkv,Black Sails\Black Sails - III Stagione HD,.mkv,,Memoria S,F:\SERIE TV\Black Sails\Black Sails - III Stagione HD\Black Sails - 3x07 - Capitolo XXV HD.mkv,2026-08-20
Black Sails,Serie TV,,3,S03E08,Black Sails - 3x08 - Capitolo XXVI HD.mkv,Black Sails\Black Sails - III Stagione HD,.mkv,,Memoria S,F:\SERIE TV\Black Sails\Black Sails - III Stagione HD\Black Sails - 3x08 - Capitolo XXVI HD.mkv,2026-08-20
Black Sails,Serie TV,,3,S03E09,Black Sails - 3x09 - Capitolo XXVII HD.mkv,Black Sails\Black Sails - III Stagione HD,.mkv,,Memoria S,F:\SERIE TV\Black Sails\Black Sails - III Stagione HD\Black Sails - 3x09 - Capitolo XXVII HD.mkv,2026-08-20
Black Sails,Serie TV,,3,S03E10,Black Sails - 3x10 - Capitolo XXVIII HD.mkv,Black Sails\Black Sails - III Stagione HD,.mkv,,Memoria S,F:\SERIE TV\Black Sails\Black Sails - III Stagione HD\Black Sails - 3x10 - Capitolo XXVIII HD.mkv,2026-08-20
Black Sails,Serie TV,,4,S04E01,Black Sails - 4x01 - XXIX HD.mkv,Black Sails\Black Sails (4),.mkv,,Memoria S,F:\SERIE TV\Black Sails\Black Sails (4)\Black Sails - 4x01 - XXIX HD.mkv,2026-08-20
Black Sails,Serie TV,,4,S04E02,Black Sails - 4x02 - XXX HD.mkv,Black Sails\Black Sails (4),.mkv,,Memoria S,F:\SERIE TV\Black Sails\Black Sails (4)\Black Sails - 4x02 - XXX HD.mkv,2026-08-20
Black Sails,Serie TV,,4,S04E03,Black Sails - 4x03 - XXXI HD.mkv,Black Sails\Black Sails (4),.mkv,,Memoria S,F:\SERIE TV\Black Sails\Black Sails (4)\Black Sails - 4x03 - XXXI HD.mkv,2026-08-20
Black Sails,Serie TV,,4,S04E04,Black Sails - 4x04 - XXXII HD.mkv,Black Sails\Black Sails (4),.mkv,,Memoria S,F:\SERIE TV\Black Sails\Black Sails (4)\Black Sails - 4x04 - XXXII HD.mkv,2026-08-20
Black Sails,Serie TV,,4,S04E05,Black Sails - 4x05 - XXXIII HD.mkv,Black Sails\Black Sails (4),.mkv,,Memoria S,F:\SERIE TV\Black Sails\Black Sails (4)\Black Sails - 4x05 - XXXIII HD.mkv,2026-08-20
Black Sails,Serie TV,,4,S04E06,Black Sails - 4x06 - XXXIV HD.mkv,Black Sails\Black Sails (4),.mkv,,Memoria S,F:\SERIE TV\Black Sails\Black Sails (4)\Black Sails - 4x06 - XXXIV HD.mkv,2026-08-20
Black Sails,Serie TV,,4,S04E07,Black Sails - 4x07 - XXXV HD.mkv,Black Sails\Black Sails (4),.mkv,,Memoria S,F:\SERIE TV\Black Sails\Black Sails (4)\Black Sails - 4x07 - XXXV HD.mkv,2026-08-20
Black Sails,Serie TV,,4,S04E08,Black Sails - 4x08 - XXXVI HD.mkv,Black Sails\Black Sails (4),.mkv,,Memoria S,F:\SERIE TV\Black Sails\Black Sails (4)\Black Sails - 4x08 - XXXVI HD.mkv,2026-08-20
Black Sails,Serie TV,,4,S04E09,Black Sails - 4x09 - XXXVII HD.mkv,Black Sails\Black Sails (4),.mkv,,Memoria S,F:\SERIE TV\Black Sails\Black Sails (4)\Black Sails - 4x09 - XXXVII HD.mkv,2026-08-20
Black Sails,Serie TV,,4,S04E10,Black Sails - 4x10 - XXXVIII HD.mkv,Black Sails\Black Sails (4),.mkv,,Memoria S,F:\SERIE TV\Black Sails\Black Sails (4)\Black Sails - 4x10 - XXXVIII HD.mkv,2026-08-20
Breaking Bad,Serie TV,,4,S04E01,Ep 01 - Box Cutter - Il Taglierino.mkv,"Breaking Bad (1,2,3,4)",.mkv,,Memoria 3,"F:\Serie TV (Temporanea)\Breaking Bad (1,2,3,4)\Ep 01 - Box Cutter - Il Taglierino.mkv",2026-08-20
Breaking Bad,Serie TV,,5,S05E01,Ep 01 - Live Free or Die - Vivi Libero o Muori.mkv,"Breaking Bad (1,2,3,4)",.mkv,,Memoria 3,"F:\Serie TV (Temporanea)\Breaking Bad (1,2,3,4)\Ep 01 - Live Free or Die - Vivi Libero o Muori.mkv",2026-08-20
Breaking Bad,Serie TV,,3,S03E01,Ep 01 - No Mas - Ora Basta.mkv,"Breaking Bad (1,2,3,4)",.mkv,,Memoria 3,"F:\Serie TV (Temporanea)\Breaking Bad (1,2,3,4)\Ep 01 - No Mas - Ora Basta.mkv",2026-08-20
Breaking Bad,Serie TV,,2,S02E01,Ep 01 - Seven Thirty-Seven - Tutto Cambia.mkv,"Breaking Bad (1,2,3,4)",.mkv,,Memoria 3,"F:\Serie TV (Temporanea)\Breaking Bad (1,2,3,4)\Ep 01 - Seven Thirty-Seven - Tutto Cambia.mkv",2026-08-20
Breaking Bad,Serie TV,,3,S03E02,Ep 02 - Caballo Sin Nombre - Cavallo Senza Nome.mkv,"Breaking Bad (1,2,3,4)",.mkv,,Memoria 3,"F:\Serie TV (Temporanea)\Breaking Bad (1,2,3,4)\Ep 02 - Caballo Sin Nombre - Cavallo Senza Nome.mkv",2026-08-20
Breaking Bad,Serie TV,,2,S02E02,Ep 02 - Grilled - Grigliato.mkv,"Breaking Bad (1,2,3,4)",.mkv,,Memoria 3,"F:\Serie TV (Temporanea)\Breaking Bad (1,2,3,4)\Ep 02 - Grilled - Grigliato.mkv",2026-08-20
Breaking Bad,Serie TV,,5,S05E02,Ep 02 - Madrigal - L'Affare Tedesco.mkv,"Breaking Bad (1,2,3,4)",.mkv,,Memoria 3,"F:\Serie TV (Temporanea)\Breaking Bad (1,2,3,4)\Ep 02 - Madrigal - L'Affare Tedesco.mkv",2026-08-20
Breaking Bad,Serie TV,,4,S04E02,Ep 02 - Thirty-Eight Snub - Calibro 38.mkv,"Breaking Bad (1,2,3,4)",.mkv,,Memoria 3,"F:\Serie TV (Temporanea)\Breaking Bad (1,2,3,4)\Ep 02 - Thirty-Eight Snub - Calibro 38.mkv",2026-08-20
Breaking Bad,Serie TV,,2,S02E03,Ep 03 - Bit by a Dead Bee - Punto Da Un'Ape Morta.mkv,"Breaking Bad (1,2,3,4)",.mkv,,Memoria 3,"F:\Serie TV (Temporanea)\Breaking Bad (1,2,3,4)\Ep 03 - Bit by a Dead Bee - Punto Da Un'Ape Morta.mkv",2026-08-20
Breaking Bad,Serie TV,,5,S05E03,Ep 03 - Hazard Pay - Indennità di Rischio.mkv,"Breaking Bad (1,2,3,4)",.mkv,,Memoria 3,"F:\Serie TV (Temporanea)\Breaking Bad (1,2,3,4)\Ep 03 - Hazard Pay - Indennità di Rischio.mkv",2026-08-20
Breaking Bad,Serie TV,,3,S03E03,Ep 03 - I.F.T. - Tradimento.mkv,"Breaking Bad (1,2,3,4)",.mkv,,Memoria 3,"F:\Serie TV (Temporanea)\Breaking Bad (1,2,3,4)\Ep 03 - I.F.T. - Tradimento.mkv",2026-08-20
Breaking Bad,Serie TV,,4,S04E03,Ep 03 - Open House -  Casa Aperta.mkv,"Breaking Bad (1,2,3,4)",.mkv,,Memoria 3,"F:\Serie TV (Temporanea)\Breaking Bad (1,2,3,4)\Ep 03 - Open House -  Casa Aperta.mkv",2026-08-20
Breaking Bad,Serie TV,,3,S03E04,Ep 04  - Green Light - Luce Verde.mkv,"Breaking Bad (1,2,3,4)",.mkv,,Memoria 3,"F:\Serie TV (Temporanea)\Breaking Bad (1,2,3,4)\Ep 04  - Green Light - Luce Verde.mkv",2026-08-20
Breaking Bad,Serie TV,,4,S04E04,Ep 04 - Bullet Points - La Versione di Skyler.mkv,"Breaking Bad (1,2,3,4)",.mkv,,Memoria 3,"F:\Serie TV (Temporanea)\Breaking Bad (1,2,3,4)\Ep 04 - Bullet Points - La Versione di Skyler.mkv",2026-08-20
Breaking Bad,Serie TV,,2,S02E04,Ep 04 - Down - Giù.mkv,"Breaking Bad (1,2,3,4)",.mkv,,Memoria 3,"F:\Serie TV (Temporanea)\Breaking Bad (1,2,3,4)\Ep 04 - Down - Giù.mkv",2026-08-20
Breaking Bad,Serie TV,,5,S05E04,Ep 04 - Fifty-One - Un Ambiente Migliore.mkv,"Breaking Bad (1,2,3,4)",.mkv,,Memoria 3,"F:\Serie TV (Temporanea)\Breaking Bad (1,2,3,4)\Ep 04 - Fifty-One - Un Ambiente Migliore.mkv",2026-08-20
Breaking Bad,Serie TV,,2,S02E05,Ep 05 - Breakage - Una Pistola Per Jesse.mkv,"Breaking Bad (1,2,3,4)",.mkv,,Memoria 3,"F:\Serie TV (Temporanea)\Breaking Bad (1,2,3,4)\Ep 05 - Breakage - Una Pistola Per Jesse.mkv",2026-08-20
Breaking Bad,Serie TV,,5,S05E05,Ep 05 - Dead Freight - Rapina al Treno.mkv,"Breaking Bad (1,2,3,4)",.mkv,,Memoria 3,"F:\Serie TV (Temporanea)\Breaking Bad (1,2,3,4)\Ep 05 - Dead Freight - Rapina al Treno.mkv",2026-08-20
Breaking Bad,Serie TV,,3,S03E05,Ep 05 - Mas - Di Più.mkv,"Breaking Bad (1,2,3,4)",.mkv,,Memoria 3,"F:\Serie TV (Temporanea)\Breaking Bad (1,2,3,4)\Ep 05 - Mas - Di Più.mkv",2026-08-20
Breaking Bad,Serie TV,,4,S04E05,Ep 05 - Shotgun - L'Autolavaggio.mkv,"Breaking Bad (1,2,3,4)",.mkv,,Memoria 3,"F:\Serie TV (Temporanea)\Breaking Bad (1,2,3,4)\Ep 05 - Shotgun - L'Autolavaggio.mkv",2026-08-20
Breaking Bad,Serie TV,,5,S05E06,Ep 06 - Buyout - Buonuscita.mkv,"Breaking Bad (1,2,3,4)",.mkv,,Memoria 3,"F:\Serie TV (Temporanea)\Breaking Bad (1,2,3,4)\Ep 06 - Buyout - Buonuscita.mkv",2026-08-20
Breaking Bad,Serie TV,,4,S04E06,Ep 06 - Cornered - Messi All'Angolo.mkv,"Breaking Bad (1,2,3,4)",.mkv,,Memoria 3,"F:\Serie TV (Temporanea)\Breaking Bad (1,2,3,4)\Ep 06 - Cornered - Messi All'Angolo.mkv",2026-08-20
Breaking Bad,Serie TV,,2,S02E06,Ep 06 - Peekaboo - Una Lezione Indimenticabile.mkv,"Breaking Bad (1,2,3,4)",.mkv,,Memoria 3,"F:\Serie TV (Temporanea)\Breaking Bad (1,2,3,4)\Ep 06 - Peekaboo - Una Lezione Indimenticabile.mkv",2026-08-20
Breaking Bad,Serie TV,,3,S03E06,Ep 06 - Sunset - Al Tramonto.mkv,"Breaking Bad (1,2,3,4)",.mkv,,Memoria 3,"F:\Serie TV (Temporanea)\Breaking Bad (1,2,3,4)\Ep 06 - Sunset - Al Tramonto.mkv",2026-08-20
Breaking Bad,Serie TV,,2,S02E07,Ep 07 - Negro y Azul - Nero e Azzurro.mkv,"Breaking Bad (1,2,3,4)",.mkv,,Memoria 3,"F:\Serie TV (Temporanea)\Breaking Bad (1,2,3,4)\Ep 07 - Negro y Azul - Nero e Azzurro.mkv",2026-08-20
Breaking Bad,Serie TV,,3,S03E07,Ep 07 - One Minute - Un Minuto.mkv,"Breaking Bad (1,2,3,4)",.mkv,,Memoria 3,"F:\Serie TV (Temporanea)\Breaking Bad (1,2,3,4)\Ep 07 - One Minute - Un Minuto.mkv",2026-08-20
Breaking Bad,Serie TV,,4,S04E07,Ep 07 - Problem Dog - Un Cane Difficile.mkv,"Breaking Bad (1,2,3,4)",.mkv,,Memoria 3,"F:\Serie TV (Temporanea)\Breaking Bad (1,2,3,4)\Ep 07 - Problem Dog - Un Cane Difficile.mkv",2026-08-20
Breaking Bad,Serie TV,,5,S05E07,Ep 07 - Say My Name - Dì Il Mio Nome.mkv,"Breaking Bad (1,2,3,4)",.mkv,,Memoria 3,"F:\Serie TV (Temporanea)\Breaking Bad (1,2,3,4)\Ep 07 - Say My Name - Dì Il Mio Nome.mkv",2026-08-20
Breaking Bad,Serie TV,,2,S02E08,Ep 08 - Better Call Saul - Conviene Chiamare Sau.mkv,"Breaking Bad (1,2,3,4)",.mkv,,Memoria 3,"F:\Serie TV (Temporanea)\Breaking Bad (1,2,3,4)\Ep 08 - Better Call Saul - Conviene Chiamare Sau.mkv",2026-08-20
Breaking Bad,Serie TV,,5,S05E08,Ep 08 - Gliding Over All - Volare Alto.mkv,"Breaking Bad (1,2,3,4)",.mkv,,Memoria 3,"F:\Serie TV (Temporanea)\Breaking Bad (1,2,3,4)\Ep 08 - Gliding Over All - Volare Alto.mkv",2026-08-20
Breaking Bad,Serie TV,,4,S04E08,Ep 08 - Hermanos - Fratelli.mkv,"Breaking Bad (1,2,3,4)",.mkv,,Memoria 3,"F:\Serie TV (Temporanea)\Breaking Bad (1,2,3,4)\Ep 08 - Hermanos - Fratelli.mkv",2026-08-20
Breaking Bad,Serie TV,,3,S03E08,Ep 08 - I See You - Ti Vedo.mkv,"Breaking Bad (1,2,3,4)",.mkv,,Memoria 3,"F:\Serie TV (Temporanea)\Breaking Bad (1,2,3,4)\Ep 08 - I See You - Ti Vedo.mkv",2026-08-20
Breaking Bad,Serie TV,,2,S02E09,Ep 09 - 4 Days Out - 4 Giorni Fuori.mkv,"Breaking Bad (1,2,3,4)",.mkv,,Memoria 3,"F:\Serie TV (Temporanea)\Breaking Bad (1,2,3,4)\Ep 09 - 4 Days Out - 4 Giorni Fuori.mkv",2026-08-20
Breaking Bad,Serie TV,,5,S05E09,Ep 09 - Blood Money - Denaro Insanguinato.mkv,"Breaking Bad (1,2,3,4)",.mkv,,Memoria 3,"F:\Serie TV (Temporanea)\Breaking Bad (1,2,3,4)\Ep 09 - Blood Money - Denaro Insanguinato.mkv",2026-08-20
Breaking Bad,Serie TV,,4,S04E09,Ep 09 - Bug - Cimici.mkv,"Breaking Bad (1,2,3,4)",.mkv,,Memoria 3,"F:\Serie TV (Temporanea)\Breaking Bad (1,2,3,4)\Ep 09 - Bug - Cimici.mkv",2026-08-20
Breaking Bad,Serie TV,,3,S03E09,Ep 09 - Kafkaesque - Atmosfere.mkv,"Breaking Bad (1,2,3,4)",.mkv,,Memoria 3,"F:\Serie TV (Temporanea)\Breaking Bad (1,2,3,4)\Ep 09 - Kafkaesque - Atmosfere.mkv",2026-08-20
Breaking Bad,Serie TV,,5,S05E10,Ep 10 - Buried - Questioni di Famiglia.mkv,"Breaking Bad (1,2,3,4)",.mkv,,Memoria 3,"F:\Serie TV (Temporanea)\Breaking Bad (1,2,3,4)\Ep 10 - Buried - Questioni di Famiglia.mkv",2026-08-20
Breaking Bad,Serie TV,,3,S03E10,Ep 10 - Fly - Caccia Grossa.mkv,"Breaking Bad (1,2,3,4)",.mkv,,Memoria 3,"F:\Serie TV (Temporanea)\Breaking Bad (1,2,3,4)\Ep 10 - Fly - Caccia Grossa.mkv",2026-08-20
Breaking Bad,Serie TV,,2,S02E10,Ep 10 - Over - Game Over.mkv,"Breaking Bad (1,2,3,4)",.mkv,,Memoria 3,"F:\Serie TV (Temporanea)\Breaking Bad (1,2,3,4)\Ep 10 - Over - Game Over.mkv",2026-08-20
Breaking Bad,Serie TV,,4,S04E10,Ep 10 - Salud - Alla Salute.mkv,"Breaking Bad (1,2,3,4)",.mkv,,Memoria 3,"F:\Serie TV (Temporanea)\Breaking Bad (1,2,3,4)\Ep 10 - Salud - Alla Salute.mkv",2026-08-20
Breaking Bad,Serie TV,,3,S03E11,Ep 11 - Abiquiu - Scrupoli.mkv,"Breaking Bad (1,2,3,4)",.mkv,,Memoria 3,"F:\Serie TV (Temporanea)\Breaking Bad (1,2,3,4)\Ep 11 - Abiquiu - Scrupoli.mkv",2026-08-20
Breaking Bad,Serie TV,,5,S05E11,Ep 11 - Confessions - Confessioni.mkv,"Breaking Bad (1,2,3,4)",.mkv,,Memoria 3,"F:\Serie TV (Temporanea)\Breaking Bad (1,2,3,4)\Ep 11 - Confessions - Confessioni.mkv",2026-08-20
Breaking Bad,Serie TV,,4,S04E11,Ep 11 - Crawl Space - Nuove Identità.mkv,"Breaking Bad (1,2,3,4)",.mkv,,Memoria 3,"F:\Serie TV (Temporanea)\Breaking Bad (1,2,3,4)\Ep 11 - Crawl Space - Nuove Identità.mkv",2026-08-20
Breaking Bad,Serie TV,,2,S02E11,Ep 11 - Mandala.mkv,"Breaking Bad (1,2,3,4)",.mkv,,Memoria 3,"F:\Serie TV (Temporanea)\Breaking Bad (1,2,3,4)\Ep 11 - Mandala.mkv",2026-08-20
Breaking Bad,Serie TV,,4,S04E12,Ep 12 - End Times - Cercando Vendetta.mkv,"Breaking Bad (1,2,3,4)",.mkv,,Memoria 3,"F:\Serie TV (Temporanea)\Breaking Bad (1,2,3,4)\Ep 12 - End Times - Cercando Vendetta.mkv",2026-08-20
Breaking Bad,Serie TV,,3,S03E12,Ep 12 - Half Measures - Mezze Misure.mkv,"Breaking Bad (1,2,3,4)",.mkv,,Memoria 3,"F:\Serie TV (Temporanea)\Breaking Bad (1,2,3,4)\Ep 12 - Half Measures - Mezze Misure.mkv",2026-08-20
Breaking Bad,Serie TV,,2,S02E12,Ep 12 - Phoenix.mkv,"Breaking Bad (1,2,3,4)",.mkv,,Memoria 3,"F:\Serie TV (Temporanea)\Breaking Bad (1,2,3,4)\Ep 12 - Phoenix.mkv",2026-08-20
Breaking Bad,Serie TV,,5,S05E12,Ep 12 - Rabid Dog - Cane Rabbioso.mkv,"Breaking Bad (1,2,3,4)",.mkv,,Memoria 3,"F:\Serie TV (Temporanea)\Breaking Bad (1,2,3,4)\Ep 12 - Rabid Dog - Cane Rabbioso.mkv",2026-08-20
Breaking Bad,Serie TV,,2,S02E13,Ep 13 - ABQ - Albuquerque.mkv,"Breaking Bad (1,2,3,4)",.mkv,,Memoria 3,"F:\Serie TV (Temporanea)\Breaking Bad (1,2,3,4)\Ep 13 - ABQ - Albuquerque.mkv",2026-08-20
Breaking Bad,Serie TV,,4,S04E13,Ep 13 - Face Off - Fine Della Storia.mkv,"Breaking Bad (1,2,3,4)",.mkv,,Memoria 3,"F:\Serie TV (Temporanea)\Breaking Bad (1,2,3,4)\Ep 13 - Face Off - Fine Della Storia.mkv",2026-08-20
Breaking Bad,Serie TV,,3,S03E13,Ep 13 - Full Measures - Niente Mezze Misure.mkv,"Breaking Bad (1,2,3,4)",.mkv,,Memoria 3,"F:\Serie TV (Temporanea)\Breaking Bad (1,2,3,4)\Ep 13 - Full Measures - Niente Mezze Misure.mkv",2026-08-20
Breaking Bad,Serie TV,,5,S05E13,Ep 13 - To'hajiilee - Riseva Indiana.mkv,"Breaking Bad (1,2,3,4)",.mkv,,Memoria 3,"F:\Serie TV (Temporanea)\Breaking Bad (1,2,3,4)\Ep 13 - To'hajiilee - Riseva Indiana.mkv",2026-08-20
Breaking Bad,Serie TV,,5,S05E14,Ep 14 - Ozymandias - Declino.mkv,"Breaking Bad (1,2,3,4)",.mkv,,Memoria 3,"F:\Serie TV (Temporanea)\Breaking Bad (1,2,3,4)\Ep 14 - Ozymandias - Declino.mkv",2026-08-20
Breaking Bad,Serie TV,,5,S05E15,Ep 15 - Granite State - Tutto Torna.mkv,"Breaking Bad (1,2,3,4)",.mkv,,Memoria 3,"F:\Serie TV (Temporanea)\Breaking Bad (1,2,3,4)\Ep 15 - Granite State - Tutto Torna.mkv",2026-08-20
Breaking Bad,Serie TV,,5,S05E16,Ep 16 - Felina.mkv,"Breaking Bad (1,2,3,4)",.mkv,,Memoria 3,"F:\Serie TV (Temporanea)\Breaking Bad (1,2,3,4)\Ep 16 - Felina.mkv",2026-08-20
Chernobyl,Serie TV,,1,S01E01,Chernobyl - 1x01 - 1.23.45 HD.mkv,Chernobyl,.mkv,,Memoria 3,F:\Serie TV (Temporanea)\Chernobyl\Chernobyl - 1x01 - 1.23.45 HD.mkv,2026-08-20
Chernobyl,Serie TV,,1,S01E02,Chernobyl - 1x02 - Per Favore Rimanete Calmi HD.mkv,Chernobyl,.mkv,,Memoria 3,F:\Serie TV (Temporanea)\Chernobyl\Chernobyl - 1x02 - Per Favore Rimanete Calmi HD.mkv,2026-08-20
Chernobyl,Serie TV,,1,S01E03,"Chernobyl - 1x03 - Open Wide, O Earth HD.mkv",Chernobyl,.mkv,,Memoria 3,"F:\Serie TV (Temporanea)\Chernobyl\Chernobyl - 1x03 - Open Wide, O Earth HD.mkv",2026-08-20
Chernobyl,Serie TV,,1,S01E04,Chernobyl - 1x04 - La Felicità Di Tutta L'Umanità HD.mkv,Chernobyl,.mkv,,Memoria 3,F:\Serie TV (Temporanea)\Chernobyl\Chernobyl - 1x04 - La Felicità Di Tutta L'Umanità HD.mkv,2026-08-20
Chernobyl,Serie TV,,1,S01E05,Chernobyl - 1x05 - Vichnaya Pamyat HD.mkv,Chernobyl,.mkv,,Memoria 3,F:\Serie TV (Temporanea)\Chernobyl\Chernobyl - 1x05 - Vichnaya Pamyat HD.mkv,2026-08-20
Gomorra,Serie TV,,1,S01E01,Gomorra - 1x01 - Il Clan Dei Sevastano HD.mkv,Gomorra HD,.mkv,,Memoria S,F:\SERIE TV\Gomorra HD\Gomorra - 1x01 - Il Clan Dei Sevastano HD.mkv,2026-08-20
Gomorra,Serie TV,,1,S01E02,Gomorra - 1x02 - Ti Fidi Di Me HD.mkv,Gomorra HD,.mkv,,Memoria S,F:\SERIE TV\Gomorra HD\Gomorra - 1x02 - Ti Fidi Di Me HD.mkv,2026-08-20
Gomorra,Serie TV,,1,S01E03,Gomorra - 1x03 - L'Omm E' Casa HD.mkv,Gomorra HD,.mkv,,Memoria S,F:\SERIE TV\Gomorra HD\Gomorra - 1x03 - L'Omm E' Casa HD.mkv,2026-08-20
Gomorra,Serie TV,,1,S01E04,Gomorra - 1x04 - Sangue Africano HD.mkv,Gomorra HD,.mkv,,Memoria S,F:\SERIE TV\Gomorra HD\Gomorra - 1x04 - Sangue Africano HD.mkv,2026-08-20
Gomorra,Serie TV,,1,S01E05,Gomorra - 1x05 - Il Ruggito Della Leonessa HD.mkv,Gomorra HD,.mkv,,Memoria S,F:\SERIE TV\Gomorra HD\Gomorra - 1x05 - Il Ruggito Della Leonessa HD.mkv,2026-08-20
Gomorra,Serie TV,,1,S01E06,Gomorra - 1x06 - Roulette Spagnola HD.mkv,Gomorra HD,.mkv,,Memoria S,F:\SERIE TV\Gomorra HD\Gomorra - 1x06 - Roulette Spagnola HD.mkv,2026-08-20
Gomorra,Serie TV,,1,S01E07,Gomorra - 1x07 - Imma Contro Tutti HD.mkv,Gomorra HD,.mkv,,Memoria S,F:\SERIE TV\Gomorra HD\Gomorra - 1x07 - Imma Contro Tutti HD.mkv,2026-08-20
Gomorra,Serie TV,,1,S01E08,Gomorra - 1x08 - La Scheda Bianca HD.mkv,Gomorra HD,.mkv,,Memoria S,F:\SERIE TV\Gomorra HD\Gomorra - 1x08 - La Scheda Bianca HD.mkv,2026-08-20
Gomorra,Serie TV,,1,S01E09,Gomorra - 1x09 - Gelsomina Verde HD.mkv,Gomorra HD,.mkv,,Memoria S,F:\SERIE TV\Gomorra HD\Gomorra - 1x09 - Gelsomina Verde HD.mkv,2026-08-20
Gomorra,Serie TV,,1,S01E10,Gomorra - 1x10 - Ora Facciamo I Conti HD.mkv,Gomorra HD,.mkv,,Memoria S,F:\SERIE TV\Gomorra HD\Gomorra - 1x10 - Ora Facciamo I Conti HD.mkv,2026-08-20
Gomorra,Serie TV,,1,S01E11,Gomorra - 1x11 - Cento Modi Per Uccidere HD.mkv,Gomorra HD,.mkv,,Memoria S,F:\SERIE TV\Gomorra HD\Gomorra - 1x11 - Cento Modi Per Uccidere HD.mkv,2026-08-20
Gomorra,Serie TV,,1,S01E12,Gomorra - 1x12 - Gli Immortali HD.mkv,Gomorra HD,.mkv,,Memoria S,F:\SERIE TV\Gomorra HD\Gomorra - 1x12 - Gli Immortali HD.mkv,2026-08-20
House Of Cards,Serie TV,,1,S01E01,Capitolo 1 HD.mkv,House Of Cards\I Stagione,.mkv,,Memoria S,F:\SERIE TV\House Of Cards\I Stagione\Capitolo 1 HD.mkv,2026-08-20
House Of Cards,Serie TV,,1,S01E02,Capitolo 2 HD.mkv,House Of Cards\I Stagione,.mkv,,Memoria S,F:\SERIE TV\House Of Cards\I Stagione\Capitolo 2 HD.mkv,2026-08-20
House Of Cards,Serie TV,,1,S01E03,Capitolo 3 HD.mkv,House Of Cards\I Stagione,.mkv,,Memoria S,F:\SERIE TV\House Of Cards\I Stagione\Capitolo 3 HD.mkv,2026-08-20
House Of Cards,Serie TV,,1,S01E04,Capitolo 4 HD.mkv,House Of Cards\I Stagione,.mkv,,Memoria S,F:\SERIE TV\House Of Cards\I Stagione\Capitolo 4 HD.mkv,2026-08-20
House Of Cards,Serie TV,,1,S01E05,Capitolo 5 HD.mkv,House Of Cards\I Stagione,.mkv,,Memoria S,F:\SERIE TV\House Of Cards\I Stagione\Capitolo 5 HD.mkv,2026-08-20
House Of Cards,Serie TV,,1,S01E06,Capitolo 6 HD.mkv,House Of Cards\I Stagione,.mkv,,Memoria S,F:\SERIE TV\House Of Cards\I Stagione\Capitolo 6 HD.mkv,2026-08-20
House Of Cards,Serie TV,,1,S01E07,Capitolo 7 HD.mkv,House Of Cards\I Stagione,.mkv,,Memoria S,F:\SERIE TV\House Of Cards\I Stagione\Capitolo 7 HD.mkv,2026-08-20
House Of Cards,Serie TV,,1,S01E08,Capitolo 8 HD.mkv,House Of Cards\I Stagione,.mkv,,Memoria S,F:\SERIE TV\House Of Cards\I Stagione\Capitolo 8 HD.mkv,2026-08-20
House Of Cards,Serie TV,,1,S01E09,Capitolo 9 HD.mkv,House Of Cards\I Stagione,.mkv,,Memoria S,F:\SERIE TV\House Of Cards\I Stagione\Capitolo 9 HD.mkv,2026-08-20
House Of Cards,Serie TV,,1,S01E10,Capitolo 10 HD.mkv,House Of Cards\I Stagione,.mkv,,Memoria S,F:\SERIE TV\House Of Cards\I Stagione\Capitolo 10 HD.mkv,2026-08-20
House Of Cards,Serie TV,,1,S01E11,Capitolo 11 HD.mkv,House Of Cards\I Stagione,.mkv,,Memoria S,F:\SERIE TV\House Of Cards\I Stagione\Capitolo 11 HD.mkv,2026-08-20
House Of Cards,Serie TV,,1,S01E12,Capitolo 12 HD.mkv,House Of Cards\I Stagione,.mkv,,Memoria S,F:\SERIE TV\House Of Cards\I Stagione\Capitolo 12 HD.mkv,2026-08-20
House Of Cards,Serie TV,,1,S01E13,Capitolo 13 HD.mkv,House Of Cards\I Stagione,.mkv,,Memoria S,F:\SERIE TV\House Of Cards\I Stagione\Capitolo 13 HD.mkv,2026-08-20
House Of Cards,Serie TV,,2,S02E01,House Of Cards - 2X01 - Capitolo 14 HD.mkv,House Of Cards\II Stagione,.mkv,,Memoria S,F:\SERIE TV\House Of Cards\II Stagione\House Of Cards - 2X01 - Capitolo 14 HD.mkv,2026-08-20
House Of Cards,Serie TV,,2,S02E02,House Of Cards - 2x02 - Capitolo 15 HD.mkv,House Of Cards\II Stagione,.mkv,,Memoria S,F:\SERIE TV\House Of Cards\II Stagione\House Of Cards - 2x02 - Capitolo 15 HD.mkv,2026-08-20
House Of Cards,Serie TV,,2,S02E03,House Of Cards - 2x03 - Capitolo 16 HD.mkv,House Of Cards\II Stagione,.mkv,,Memoria S,F:\SERIE TV\House Of Cards\II Stagione\House Of Cards - 2x03 - Capitolo 16 HD.mkv,2026-08-20
House Of Cards,Serie TV,,2,S02E04,House Of Cards - 2x04 - Capitolo 17 HD.mkv,House Of Cards\II Stagione,.mkv,,Memoria S,F:\SERIE TV\House Of Cards\II Stagione\House Of Cards - 2x04 - Capitolo 17 HD.mkv,2026-08-20
House Of Cards,Serie TV,,2,S02E05,House Of Cards - 2x05 - Capitolo 18 HD.mkv,House Of Cards\II Stagione,.mkv,,Memoria S,F:\SERIE TV\House Of Cards\II Stagione\House Of Cards - 2x05 - Capitolo 18 HD.mkv,2026-08-20
House Of Cards,Serie TV,,2,S02E06,House Of Cards - 2x06 - Capitolo 19 HD.mkv,House Of Cards\II Stagione,.mkv,,Memoria S,F:\SERIE TV\House Of Cards\II Stagione\House Of Cards - 2x06 - Capitolo 19 HD.mkv,2026-08-20
House Of Cards,Serie TV,,2,S02E07,House Of Cards - 2x07 - Capitolo 20 HD.mkv,House Of Cards\II Stagione,.mkv,,Memoria S,F:\SERIE TV\House Of Cards\II Stagione\House Of Cards - 2x07 - Capitolo 20 HD.mkv,2026-08-20
House Of Cards,Serie TV,,2,S02E08,House Of Cards - 2x08 - Capitolo 21 HD.mkv,House Of Cards\II Stagione,.mkv,,Memoria S,F:\SERIE TV\House Of Cards\II Stagione\House Of Cards - 2x08 - Capitolo 21 HD.mkv,2026-08-20
House Of Cards,Serie TV,,2,S02E09,House Of Cards - 2x09 - Capitolo 22 HD.mkv,House Of Cards\II Stagione,.mkv,,Memoria S,F:\SERIE TV\House Of Cards\II Stagione\House Of Cards - 2x09 - Capitolo 22 HD.mkv,2026-08-20
House Of Cards,Serie TV,,2,S02E10,House Of Cards - 2x10 - Capitolo 23 HD.mkv,House Of Cards\II Stagione,.mkv,,Memoria S,F:\SERIE TV\House Of Cards\II Stagione\House Of Cards - 2x10 - Capitolo 23 HD.mkv,2026-08-20
House Of Cards,Serie TV,,2,S02E11,House Of Cards - 2x11 - Capitolo 24 HD.mkv,House Of Cards\II Stagione,.mkv,,Memoria S,F:\SERIE TV\House Of Cards\II Stagione\House Of Cards - 2x11 - Capitolo 24 HD.mkv,2026-08-20
House Of Cards,Serie TV,,2,S02E12,House Of Cards - 2x12 - Capitolo 25 HD.mkv,House Of Cards\II Stagione,.mkv,,Memoria S,F:\SERIE TV\House Of Cards\II Stagione\House Of Cards - 2x12 - Capitolo 25 HD.mkv,2026-08-20
House Of Cards,Serie TV,,2,S02E13,House Of Cards - 2x13 - Capitolo 26 HD.mkv,House Of Cards\II Stagione,.mkv,,Memoria S,F:\SERIE TV\House Of Cards\II Stagione\House Of Cards - 2x13 - Capitolo 26 HD.mkv,2026-08-20
House Of Cards,Serie TV,,3,S03E01,Capitolo 27 HD.mkv,House Of Cards\III Stagione,.mkv,,Memoria S,F:\SERIE TV\House Of Cards\III Stagione\Capitolo 27 HD.mkv,2026-08-20
House Of Cards,Serie TV,,3,S03E02,Capitolo 28 HD.mkv,House Of Cards\III Stagione,.mkv,,Memoria S,F:\SERIE TV\House Of Cards\III Stagione\Capitolo 28 HD.mkv,2026-08-20
House Of Cards,Serie TV,,3,S03E03,Capitolo 29 HD.mkv,House Of Cards\III Stagione,.mkv,,Memoria S,F:\SERIE TV\House Of Cards\III Stagione\Capitolo 29 HD.mkv,2026-08-20
House Of Cards,Serie TV,,3,S03E04,Capitolo 30 HD.mkv,House Of Cards\III Stagione,.mkv,,Memoria S,F:\SERIE TV\House Of Cards\III Stagione\Capitolo 30 HD.mkv,2026-08-20
House Of Cards,Serie TV,,3,S03E05,Capitolo 31 HD.mkv,House Of Cards\III Stagione,.mkv,,Memoria S,F:\SERIE TV\House Of Cards\III Stagione\Capitolo 31 HD.mkv,2026-08-20
House Of Cards,Serie TV,,3,S03E06,Capitolo 32 HD.mkv,House Of Cards\III Stagione,.mkv,,Memoria S,F:\SERIE TV\House Of Cards\III Stagione\Capitolo 32 HD.mkv,2026-08-20
House Of Cards,Serie TV,,3,S03E07,Capitolo 33 HD.mkv,House Of Cards\III Stagione,.mkv,,Memoria S,F:\SERIE TV\House Of Cards\III Stagione\Capitolo 33 HD.mkv,2026-08-20
House Of Cards,Serie TV,,3,S03E08,Capitolo 34 HD.mkv,House Of Cards\III Stagione,.mkv,,Memoria S,F:\SERIE TV\House Of Cards\III Stagione\Capitolo 34 HD.mkv,2026-08-20
House Of Cards,Serie TV,,3,S03E09,Capitolo 35 HD.mkv,House Of Cards\III Stagione,.mkv,,Memoria S,F:\SERIE TV\House Of Cards\III Stagione\Capitolo 35 HD.mkv,2026-08-20
House Of Cards,Serie TV,,3,S03E10,Capitolo 36 HD.mkv,House Of Cards\III Stagione,.mkv,,Memoria S,F:\SERIE TV\House Of Cards\III Stagione\Capitolo 36 HD.mkv,2026-08-20
House Of Cards,Serie TV,,3,S03E11,Capitolo 37 HD.mkv,House Of Cards\III Stagione,.mkv,,Memoria S,F:\SERIE TV\House Of Cards\III Stagione\Capitolo 37 HD.mkv,2026-08-20
House Of Cards,Serie TV,,3,S03E12,Capitolo 38 HD.mkv,House Of Cards\III Stagione,.mkv,,Memoria S,F:\SERIE TV\House Of Cards\III Stagione\Capitolo 38 HD.mkv,2026-08-20
House Of Cards,Serie TV,,3,S03E13,Capitolo 39 HD.mkv,House Of Cards\III Stagione,.mkv,,Memoria S,F:\SERIE TV\House Of Cards\III Stagione\Capitolo 39 HD.mkv,2026-08-20
House Of Cards,Serie TV,,4,S04E01,House Of Cards - 4x01 - Capitolo 40 HD.mkv,"House Of Cards (4,5)",.mkv,,Memoria 3,"F:\Serie TV (Temporanea)\House Of Cards (4,5)\House Of Cards - 4x01 - Capitolo 40 HD.mkv",2026-08-20
House Of Cards,Serie TV,,4,S04E02,House Of Cards - 4x02 - Capitolo 41 HD.mkv,"House Of Cards (4,5)",.mkv,,Memoria 3,"F:\Serie TV (Temporanea)\House Of Cards (4,5)\House Of Cards - 4x02 - Capitolo 41 HD.mkv",2026-08-20
House Of Cards,Serie TV,,4,S04E03,House Of Cards - 4x03 - Capitolo 42 HD.mkv,"House Of Cards (4,5)",.mkv,,Memoria 3,"F:\Serie TV (Temporanea)\House Of Cards (4,5)\House Of Cards - 4x03 - Capitolo 42 HD.mkv",2026-08-20
House Of Cards,Serie TV,,4,S04E04,House Of Cards - 4x04 - Capitolo 43 HD.mkv,"House Of Cards (4,5)",.mkv,,Memoria 3,"F:\Serie TV (Temporanea)\House Of Cards (4,5)\House Of Cards - 4x04 - Capitolo 43 HD.mkv",2026-08-20
House Of Cards,Serie TV,,4,S04E05,House Of Cards - 4x05 - Capitolo 44 HD.mkv,"House Of Cards (4,5)",.mkv,,Memoria 3,"F:\Serie TV (Temporanea)\House Of Cards (4,5)\House Of Cards - 4x05 - Capitolo 44 HD.mkv",2026-08-20
House Of Cards,Serie TV,,4,S04E06,House Of Cards - 4x06 - Capitolo 45 HD.mkv,"House Of Cards (4,5)",.mkv,,Memoria 3,"F:\Serie TV (Temporanea)\House Of Cards (4,5)\House Of Cards - 4x06 - Capitolo 45 HD.mkv",2026-08-20
House Of Cards,Serie TV,,4,S04E07,House Of Cards - 4x07 - Capitolo 46 HD.mkv,"House Of Cards (4,5)",.mkv,,Memoria 3,"F:\Serie TV (Temporanea)\House Of Cards (4,5)\House Of Cards - 4x07 - Capitolo 46 HD.mkv",2026-08-20
House Of Cards,Serie TV,,4,S04E08,House Of Cards - 4x08 - Capitolo 47 HD.mkv,"House Of Cards (4,5)",.mkv,,Memoria 3,"F:\Serie TV (Temporanea)\House Of Cards (4,5)\House Of Cards - 4x08 - Capitolo 47 HD.mkv",2026-08-20
House Of Cards,Serie TV,,4,S04E09,House Of Cards - 4x09 - Capitolo 48 HD.mkv,"House Of Cards (4,5)",.mkv,,Memoria 3,"F:\Serie TV (Temporanea)\House Of Cards (4,5)\House Of Cards - 4x09 - Capitolo 48 HD.mkv",2026-08-20
House Of Cards,Serie TV,,4,S04E10,House Of Cards - 4x10 - Capitolo 49 HD.mkv,"House Of Cards (4,5)",.mkv,,Memoria 3,"F:\Serie TV (Temporanea)\House Of Cards (4,5)\House Of Cards - 4x10 - Capitolo 49 HD.mkv",2026-08-20
House Of Cards,Serie TV,,4,S04E11,House Of Cards - 4x11 - Capitolo 50 HD.mkv,"House Of Cards (4,5)",.mkv,,Memoria 3,"F:\Serie TV (Temporanea)\House Of Cards (4,5)\House Of Cards - 4x11 - Capitolo 50 HD.mkv",2026-08-20
House Of Cards,Serie TV,,4,S04E12,House Of Cards - 4x12 - Capitolo 51 HD.mkv,"House Of Cards (4,5)",.mkv,,Memoria 3,"F:\Serie TV (Temporanea)\House Of Cards (4,5)\House Of Cards - 4x12 - Capitolo 51 HD.mkv",2026-08-20
House Of Cards,Serie TV,,4,S04E13,House Of Cards - 4x13 - Capitolo 52 HD.mkv,"House Of Cards (4,5)",.mkv,,Memoria 3,"F:\Serie TV (Temporanea)\House Of Cards (4,5)\House Of Cards - 4x13 - Capitolo 52 HD.mkv",2026-08-20
House Of Cards,Serie TV,,5,S05E01,House Of Cards - 5x01 - Capitolo 53 HD.mkv,"House Of Cards (4,5)",.mkv,,Memoria 3,"F:\Serie TV (Temporanea)\House Of Cards (4,5)\House Of Cards - 5x01 - Capitolo 53 HD.mkv",2026-08-20
House Of Cards,Serie TV,,5,S05E02,House Of Cards - 5x02 - Capitolo 54 HD.mkv,"House Of Cards (4,5)",.mkv,,Memoria 3,"F:\Serie TV (Temporanea)\House Of Cards (4,5)\House Of Cards - 5x02 - Capitolo 54 HD.mkv",2026-08-20
House Of Cards,Serie TV,,5,S05E03,House Of Cards - 5x03 - Capitolo 55 HD.mkv,"House Of Cards (4,5)",.mkv,,Memoria 3,"F:\Serie TV (Temporanea)\House Of Cards (4,5)\House Of Cards - 5x03 - Capitolo 55 HD.mkv",2026-08-20
House Of Cards,Serie TV,,5,S05E04,House Of Cards - 5x04 - Capitolo 56 HD.mkv,"House Of Cards (4,5)",.mkv,,Memoria 3,"F:\Serie TV (Temporanea)\House Of Cards (4,5)\House Of Cards - 5x04 - Capitolo 56 HD.mkv",2026-08-20
House Of Cards,Serie TV,,5,S05E05,House Of Cards - 5x05 - Capitolo 57 HD.mkv,"House Of Cards (4,5)",.mkv,,Memoria 3,"F:\Serie TV (Temporanea)\House Of Cards (4,5)\House Of Cards - 5x05 - Capitolo 57 HD.mkv",2026-08-20
House Of Cards,Serie TV,,5,S05E06,House Of Cards - 5x06 - Capitolo 58 HD.mkv,"House Of Cards (4,5)",.mkv,,Memoria 3,"F:\Serie TV (Temporanea)\House Of Cards (4,5)\House Of Cards - 5x06 - Capitolo 58 HD.mkv",2026-08-20
House Of Cards,Serie TV,,5,S05E07,House Of Cards - 5x07 - Capitolo 59 HD.mkv,"House Of Cards (4,5)",.mkv,,Memoria 3,"F:\Serie TV (Temporanea)\House Of Cards (4,5)\House Of Cards - 5x07 - Capitolo 59 HD.mkv",2026-08-20
House Of Cards,Serie TV,,5,S05E08,House Of Cards - 5x08 - Capitolo 60 HD.mkv,"House Of Cards (4,5)",.mkv,,Memoria 3,"F:\Serie TV (Temporanea)\House Of Cards (4,5)\House Of Cards - 5x08 - Capitolo 60 HD.mkv",2026-08-20
House Of Cards,Serie TV,,5,S05E09,House Of Cards - 5x09 - Capitolo 61 HD.mkv,"House Of Cards (4,5)",.mkv,,Memoria 3,"F:\Serie TV (Temporanea)\House Of Cards (4,5)\House Of Cards - 5x09 - Capitolo 61 HD.mkv",2026-08-20
House Of Cards,Serie TV,,5,S05E10,House Of Cards - 5x10 - Capitolo 62 HD.mkv,"House Of Cards (4,5)",.mkv,,Memoria 3,"F:\Serie TV (Temporanea)\House Of Cards (4,5)\House Of Cards - 5x10 - Capitolo 62 HD.mkv",2026-08-20
House Of Cards,Serie TV,,5,S05E11,House Of Cards - 5x11 - Capitolo 63 HD.mkv,"House Of Cards (4,5)",.mkv,,Memoria 3,"F:\Serie TV (Temporanea)\House Of Cards (4,5)\House Of Cards - 5x11 - Capitolo 63 HD.mkv",2026-08-20
House Of Cards,Serie TV,,5,S05E12,House Of Cards - 5x12 - Capitolo 64 HD.mkv,"House Of Cards (4,5)",.mkv,,Memoria 3,"F:\Serie TV (Temporanea)\House Of Cards (4,5)\House Of Cards - 5x12 - Capitolo 64 HD.mkv",2026-08-20
House Of Cards,Serie TV,,5,S05E13,House Of Cards - 5x13 - Capitolo 65 HD.mkv,"House Of Cards (4,5)",.mkv,,Memoria 3,"F:\Serie TV (Temporanea)\House Of Cards (4,5)\House Of Cards - 5x13 - Capitolo 65 HD.mkv",2026-08-20
Hunter x Hunter,Serie TV,,,Ep001,01(WA).mp4,Hunter x Hunter\[1  Inizio 01-02],.mp4,,Memoria S,F:\SERIE TV\Hunter x Hunter\Hunter x Hunter\[1  Inizio 01-02]\01(WA).mp4,2026-08-20
Hunter x Hunter,Serie TV,,,Ep002,02.mp4,Hunter x Hunter\[1  Inizio 01-02],.mp4,,Memoria S,F:\SERIE TV\Hunter x Hunter\Hunter x Hunter\[1  Inizio 01-02]\02.mp4,2026-08-20
Hunter x Hunter,Serie TV,,,Ep003,03.mp4,Hunter x Hunter\[2 L'ESAME PER DIVENTARE HUNTER 03-21],.mp4,,Memoria S,F:\SERIE TV\Hunter x Hunter\Hunter x Hunter\[2 L'ESAME PER DIVENTARE HUNTER 03-21]\03.mp4,2026-08-20
Hunter x Hunter,Serie TV,,,Ep004,04.mp4,Hunter x Hunter\[2 L'ESAME PER DIVENTARE HUNTER 03-21],.mp4,,Memoria S,F:\SERIE TV\Hunter x Hunter\Hunter x Hunter\[2 L'ESAME PER DIVENTARE HUNTER 03-21]\04.mp4,2026-08-20
Hunter x Hunter,Serie TV,,,Ep005,05.mp4,Hunter x Hunter\[2 L'ESAME PER DIVENTARE HUNTER 03-21],.mp4,,Memoria S,F:\SERIE TV\Hunter x Hunter\Hunter x Hunter\[2 L'ESAME PER DIVENTARE HUNTER 03-21]\05.mp4,2026-08-20
Hunter x Hunter,Serie TV,,,Ep006,06.mp4,Hunter x Hunter\[2 L'ESAME PER DIVENTARE HUNTER 03-21],.mp4,,Memoria S,F:\SERIE TV\Hunter x Hunter\Hunter x Hunter\[2 L'ESAME PER DIVENTARE HUNTER 03-21]\06.mp4,2026-08-20
Hunter x Hunter,Serie TV,,,Ep007,07.mp4,Hunter x Hunter\[2 L'ESAME PER DIVENTARE HUNTER 03-21],.mp4,,Memoria S,F:\SERIE TV\Hunter x Hunter\Hunter x Hunter\[2 L'ESAME PER DIVENTARE HUNTER 03-21]\07.mp4,2026-08-20
Hunter x Hunter,Serie TV,,,Ep008,08.mp4,Hunter x Hunter\[2 L'ESAME PER DIVENTARE HUNTER 03-21],.mp4,,Memoria S,F:\SERIE TV\Hunter x Hunter\Hunter x Hunter\[2 L'ESAME PER DIVENTARE HUNTER 03-21]\08.mp4,2026-08-20
Hunter x Hunter,Serie TV,,,Ep009,09.mp4,Hunter x Hunter\[2 L'ESAME PER DIVENTARE HUNTER 03-21],.mp4,,Memoria S,F:\SERIE TV\Hunter x Hunter\Hunter x Hunter\[2 L'ESAME PER DIVENTARE HUNTER 03-21]\09.mp4,2026-08-20
Hunter x Hunter,Serie TV,,,Ep010,10.mp4,Hunter x Hunter\[2 L'ESAME PER DIVENTARE HUNTER 03-21],.mp4,,Memoria S,F:\SERIE TV\Hunter x Hunter\Hunter x Hunter\[2 L'ESAME PER DIVENTARE HUNTER 03-21]\10.mp4,2026-08-20
Hunter x Hunter,Serie TV,,,Ep011,11.mp4,Hunter x Hunter\[2 L'ESAME PER DIVENTARE HUNTER 03-21],.mp4,,Memoria S,F:\SERIE TV\Hunter x Hunter\Hunter x Hunter\[2 L'ESAME PER DIVENTARE HUNTER 03-21]\11.mp4,2026-08-20
Hunter x Hunter,Serie TV,,,Ep012,12.mp4,Hunter x Hunter\[2 L'ESAME PER DIVENTARE HUNTER 03-21],.mp4,,Memoria S,F:\SERIE TV\Hunter x Hunter\Hunter x Hunter\[2 L'ESAME PER DIVENTARE HUNTER 03-21]\12.mp4,2026-08-20
Hunter x Hunter,Serie TV,,,Ep013,13.mp4,Hunter x Hunter\[2 L'ESAME PER DIVENTARE HUNTER 03-21],.mp4,,Memoria S,F:\SERIE TV\Hunter x Hunter\Hunter x Hunter\[2 L'ESAME PER DIVENTARE HUNTER 03-21]\13.mp4,2026-08-20
Hunter x Hunter,Serie TV,,,Ep014,14.mp4,Hunter x Hunter\[2 L'ESAME PER DIVENTARE HUNTER 03-21],.mp4,,Memoria S,F:\SERIE TV\Hunter x Hunter\Hunter x Hunter\[2 L'ESAME PER DIVENTARE HUNTER 03-21]\14.mp4,2026-08-20
Hunter x Hunter,Serie TV,,,Ep015,15.mp4,Hunter x Hunter\[2 L'ESAME PER DIVENTARE HUNTER 03-21],.mp4,,Memoria S,F:\SERIE TV\Hunter x Hunter\Hunter x Hunter\[2 L'ESAME PER DIVENTARE HUNTER 03-21]\15.mp4,2026-08-20
Hunter x Hunter,Serie TV,,,Ep016,16.mp4,Hunter x Hunter\[2 L'ESAME PER DIVENTARE HUNTER 03-21],.mp4,,Memoria S,F:\SERIE TV\Hunter x Hunter\Hunter x Hunter\[2 L'ESAME PER DIVENTARE HUNTER 03-21]\16.mp4,2026-08-20
Hunter x Hunter,Serie TV,,,Ep017,17.mp4,Hunter x Hunter\[2 L'ESAME PER DIVENTARE HUNTER 03-21],.mp4,,Memoria S,F:\SERIE TV\Hunter x Hunter\Hunter x Hunter\[2 L'ESAME PER DIVENTARE HUNTER 03-21]\17.mp4,2026-08-20
Hunter x Hunter,Serie TV,,,Ep018,18.mp4,Hunter x Hunter\[2 L'ESAME PER DIVENTARE HUNTER 03-21],.mp4,,Memoria S,F:\SERIE TV\Hunter x Hunter\Hunter x Hunter\[2 L'ESAME PER DIVENTARE HUNTER 03-21]\18.mp4,2026-08-20
Hunter x Hunter,Serie TV,,,Ep019,19.mp4,Hunter x Hunter\[2 L'ESAME PER DIVENTARE HUNTER 03-21],.mp4,,Memoria S,F:\SERIE TV\Hunter x Hunter\Hunter x Hunter\[2 L'ESAME PER DIVENTARE HUNTER 03-21]\19.mp4,2026-08-20
Hunter x Hunter,Serie TV,,,Ep020,20.mp4,Hunter x Hunter\[2 L'ESAME PER DIVENTARE HUNTER 03-21],.mp4,,Memoria S,F:\SERIE TV\Hunter x Hunter\Hunter x Hunter\[2 L'ESAME PER DIVENTARE HUNTER 03-21]\20.mp4,2026-08-20
Hunter x Hunter,Serie TV,,,Ep021,21.mp4,Hunter x Hunter\[2 L'ESAME PER DIVENTARE HUNTER 03-21],.mp4,,Memoria S,F:\SERIE TV\Hunter x Hunter\Hunter x Hunter\[2 L'ESAME PER DIVENTARE HUNTER 03-21]\21.mp4,2026-08-20
Hunter x Hunter,Serie TV,,,Ep022,22.mp4,Hunter x Hunter\[3 A CASA DI KILLUA 022 - 026],.mp4,,Memoria S,F:\SERIE TV\Hunter x Hunter\Hunter x Hunter\[3 A CASA DI KILLUA 022 - 026]\22.mp4,2026-08-20
Hunter x Hunter,Serie TV,,,Ep023,23.mp4,Hunter x Hunter\[3 A CASA DI KILLUA 022 - 026],.mp4,,Memoria S,F:\SERIE TV\Hunter x Hunter\Hunter x Hunter\[3 A CASA DI KILLUA 022 - 026]\23.mp4,2026-08-20
Hunter x Hunter,Serie TV,,,Ep024,24.mp4,Hunter x Hunter\[3 A CASA DI KILLUA 022 - 026],.mp4,,Memoria S,F:\SERIE TV\Hunter x Hunter\Hunter x Hunter\[3 A CASA DI KILLUA 022 - 026]\24.mp4,2026-08-20
Hunter x Hunter,Serie TV,,,Ep025,25.mp4,Hunter x Hunter\[3 A CASA DI KILLUA 022 - 026],.mp4,,Memoria S,F:\SERIE TV\Hunter x Hunter\Hunter x Hunter\[3 A CASA DI KILLUA 022 - 026]\25.mp4,2026-08-20
Hunter x Hunter,Serie TV,,,Ep026,26.mp4,Hunter x Hunter\[3 A CASA DI KILLUA 022 - 026],.mp4,,Memoria S,F:\SERIE TV\Hunter x Hunter\Hunter x Hunter\[3 A CASA DI KILLUA 022 - 026]\26.mp4,2026-08-20
Hunter x Hunter,Serie TV,,,Ep027,27.mp4,Hunter x Hunter\[4  ARENA CELESTE 027-036],.mp4,,Memoria S,F:\SERIE TV\Hunter x Hunter\Hunter x Hunter\[4  ARENA CELESTE 027-036]\27.mp4,2026-08-20
Hunter x Hunter,Serie TV,,,Ep028,28.mp4,Hunter x Hunter\[4  ARENA CELESTE 027-036],.mp4,,Memoria S,F:\SERIE TV\Hunter x Hunter\Hunter x Hunter\[4  ARENA CELESTE 027-036]\28.mp4,2026-08-20
Hunter x Hunter,Serie TV,,,Ep029,29.mp4,Hunter x Hunter\[4  ARENA CELESTE 027-036],.mp4,,Memoria S,F:\SERIE TV\Hunter x Hunter\Hunter x Hunter\[4  ARENA CELESTE 027-036]\29.mp4,2026-08-20
Hunter x Hunter,Serie TV,,,Ep030,30.mp4,Hunter x Hunter\[4  ARENA CELESTE 027-036],.mp4,,Memoria S,F:\SERIE TV\Hunter x Hunter\Hunter x Hunter\[4  ARENA CELESTE 027-036]\30.mp4,2026-08-20
Hunter x Hunter,Serie TV,,,Ep031,31.mp4,Hunter x Hunter\[4  ARENA CELESTE 027-036],.mp4,,Memoria S,F:\SERIE TV\Hunter x Hunter\Hunter x Hunter\[4  ARENA CELESTE 027-036]\31.mp4,2026-08-20
Hunter x Hunter,Serie TV,,,Ep032,32.mp4,Hunter x Hunter\[4  ARENA CELESTE 027-036],.mp4,,Memoria S,F:\SERIE TV\Hunter x Hunter\Hunter x Hunter\[4  ARENA CELESTE 027-036]\32.mp4,2026-08-20
Hunter x Hunter,Serie TV,,,Ep033,33.mp4,Hunter x Hunter\[4  ARENA CELESTE 027-036],.mp4,,Memoria S,F:\SERIE TV\Hunter x Hunter\Hunter x Hunter\[4  ARENA CELESTE 027-036]\33.mp4,2026-08-20
Hunter x Hunter,Serie TV,,,Ep034,34.mp4,Hunter x Hunter\[4  ARENA CELESTE 027-036],.mp4,,Memoria S,F:\SERIE TV\Hunter x Hunter\Hunter x Hunter\[4  ARENA CELESTE 027-036]\34.mp4,2026-08-20
Hunter x Hunter,Serie TV,,,Ep035,35.mp4,Hunter x Hunter\[4  ARENA CELESTE 027-036],.mp4,,Memoria S,F:\SERIE TV\Hunter x Hunter\Hunter x Hunter\[4  ARENA CELESTE 027-036]\35.mp4,2026-08-20
Hunter x Hunter,Serie TV,,,Ep036,36.mp4,Hunter x Hunter\[4  ARENA CELESTE 027-036],.mp4,,Memoria S,F:\SERIE TV\Hunter x Hunter\Hunter x Hunter\[4  ARENA CELESTE 027-036]\36.mp4,2026-08-20
Hunter x Hunter,Serie TV,,,Ep037,37.mp4,Hunter x Hunter\[5 YORK SHIN CITY 037-058],.mp4,,Memoria S,F:\SERIE TV\Hunter x Hunter\Hunter x Hunter\[5 YORK SHIN CITY 037-058]\37.mp4,2026-08-20
Hunter x Hunter,Serie TV,,,Ep038,38.mp4,Hunter x Hunter\[5 YORK SHIN CITY 037-058],.mp4,,Memoria S,F:\SERIE TV\Hunter x Hunter\Hunter x Hunter\[5 YORK SHIN CITY 037-058]\38.mp4,2026-08-20
Hunter x Hunter,Serie TV,,,Ep039,39.mp4,Hunter x Hunter\[5 YORK SHIN CITY 037-058],.mp4,,Memoria S,F:\SERIE TV\Hunter x Hunter\Hunter x Hunter\[5 YORK SHIN CITY 037-058]\39.mp4,2026-08-20
Hunter x Hunter,Serie TV,,,Ep040,40.mp4,Hunter x Hunter\[5 YORK SHIN CITY 037-058],.mp4,,Memoria S,F:\SERIE TV\Hunter x Hunter\Hunter x Hunter\[5 YORK SHIN CITY 037-058]\40.mp4,2026-08-20
Hunter x Hunter,Serie TV,,,Ep041,41.mp4,Hunter x Hunter\[5 YORK SHIN CITY 037-058],.mp4,,Memoria S,F:\SERIE TV\Hunter x Hunter\Hunter x Hunter\[5 YORK SHIN CITY 037-058]\41.mp4,2026-08-20
Hunter x Hunter,Serie TV,,,Ep042,42.mp4,Hunter x Hunter\[5 YORK SHIN CITY 037-058],.mp4,,Memoria S,F:\SERIE TV\Hunter x Hunter\Hunter x Hunter\[5 YORK SHIN CITY 037-058]\42.mp4,2026-08-20
Hunter x Hunter,Serie TV,,,Ep043,43.mp4,Hunter x Hunter\[5 YORK SHIN CITY 037-058],.mp4,,Memoria S,F:\SERIE TV\Hunter x Hunter\Hunter x Hunter\[5 YORK SHIN CITY 037-058]\43.mp4,2026-08-20
Hunter x Hunter,Serie TV,,,Ep044,44.mp4,Hunter x Hunter\[5 YORK SHIN CITY 037-058],.mp4,,Memoria S,F:\SERIE TV\Hunter x Hunter\Hunter x Hunter\[5 YORK SHIN CITY 037-058]\44.mp4,2026-08-20
Hunter x Hunter,Serie TV,,,Ep045,45.mp4,Hunter x Hunter\[5 YORK SHIN CITY 037-058],.mp4,,Memoria S,F:\SERIE TV\Hunter x Hunter\Hunter x Hunter\[5 YORK SHIN CITY 037-058]\45.mp4,2026-08-20
Hunter x Hunter,Serie TV,,,Ep046,46.mp4,Hunter x Hunter\[5 YORK SHIN CITY 037-058],.mp4,,Memoria S,F:\SERIE TV\Hunter x Hunter\Hunter x Hunter\[5 YORK SHIN CITY 037-058]\46.mp4,2026-08-20
Hunter x Hunter,Serie TV,,,Ep047,47.mp4,Hunter x Hunter\[5 YORK SHIN CITY 037-058],.mp4,,Memoria S,F:\SERIE TV\Hunter x Hunter\Hunter x Hunter\[5 YORK SHIN CITY 037-058]\47.mp4,2026-08-20
Hunter x Hunter,Serie TV,,,Ep048,48.mp4,Hunter x Hunter\[5 YORK SHIN CITY 037-058],.mp4,,Memoria S,F:\SERIE TV\Hunter x Hunter\Hunter x Hunter\[5 YORK SHIN CITY 037-058]\48.mp4,2026-08-20
Hunter x Hunter,Serie TV,,,Ep049,49.mp4,Hunter x Hunter\[5 YORK SHIN CITY 037-058],.mp4,,Memoria S,F:\SERIE TV\Hunter x Hunter\Hunter x Hunter\[5 YORK SHIN CITY 037-058]\49.mp4,2026-08-20
Hunter x Hunter,Serie TV,,,Ep050,50.mp4,Hunter x Hunter\[5 YORK SHIN CITY 037-058],.mp4,,Memoria S,F:\SERIE TV\Hunter x Hunter\Hunter x Hunter\[5 YORK SHIN CITY 037-058]\50.mp4,2026-08-20
Hunter x Hunter,Serie TV,,,Ep051,51.mp4,Hunter x Hunter\[5 YORK SHIN CITY 037-058],.mp4,,Memoria S,F:\SERIE TV\Hunter x Hunter\Hunter x Hunter\[5 YORK SHIN CITY 037-058]\51.mp4,2026-08-20
Hunter x Hunter,Serie TV,,,Ep052,52.mp4,Hunter x Hunter\[5 YORK SHIN CITY 037-058],.mp4,,Memoria S,F:\SERIE TV\Hunter x Hunter\Hunter x Hunter\[5 YORK SHIN CITY 037-058]\52.mp4,2026-08-20
Hunter x Hunter,Serie TV,,,Ep053,53.mp4,Hunter x Hunter\[5 YORK SHIN CITY 037-058],.mp4,,Memoria S,F:\SERIE TV\Hunter x Hunter\Hunter x Hunter\[5 YORK SHIN CITY 037-058]\53.mp4,2026-08-20
Hunter x Hunter,Serie TV,,,Ep054,54.mp4,Hunter x Hunter\[5 YORK SHIN CITY 037-058],.mp4,,Memoria S,F:\SERIE TV\Hunter x Hunter\Hunter x Hunter\[5 YORK SHIN CITY 037-058]\54.mp4,2026-08-20
Hunter x Hunter,Serie TV,,,Ep055,55.mp4,Hunter x Hunter\[5 YORK SHIN CITY 037-058],.mp4,,Memoria S,F:\SERIE TV\Hunter x Hunter\Hunter x Hunter\[5 YORK SHIN CITY 037-058]\55.mp4,2026-08-20
Hunter x Hunter,Serie TV,,,Ep056,56.mp4,Hunter x Hunter\[5 YORK SHIN CITY 037-058],.mp4,,Memoria S,F:\SERIE TV\Hunter x Hunter\Hunter x Hunter\[5 YORK SHIN CITY 037-058]\56.mp4,2026-08-20
Hunter x Hunter,Serie TV,,,Ep057,57.mp4,Hunter x Hunter\[5 YORK SHIN CITY 037-058],.mp4,,Memoria S,F:\SERIE TV\Hunter x Hunter\Hunter x Hunter\[5 YORK SHIN CITY 037-058]\57.mp4,2026-08-20
Hunter x Hunter,Serie TV,,,Ep058,58.mp4,Hunter x Hunter\[5 YORK SHIN CITY 037-058],.mp4,,Memoria S,F:\SERIE TV\Hunter x Hunter\Hunter x Hunter\[5 YORK SHIN CITY 037-058]\58.mp4,2026-08-20
Hunter x Hunter,Serie TV,,,Ep059,59.mp4,Hunter x Hunter\[6 GREED ISLAND 059-075],.mp4,,Memoria S,F:\SERIE TV\Hunter x Hunter\Hunter x Hunter\[6 GREED ISLAND 059-075]\59.mp4,2026-08-20
Hunter x Hunter,Serie TV,,,Ep060,60.mp4,Hunter x Hunter\[6 GREED ISLAND 059-075],.mp4,,Memoria S,F:\SERIE TV\Hunter x Hunter\Hunter x Hunter\[6 GREED ISLAND 059-075]\60.mp4,2026-08-20
Hunter x Hunter,Serie TV,,,Ep061,61.mp4,Hunter x Hunter\[6 GREED ISLAND 059-075],.mp4,,Memoria S,F:\SERIE TV\Hunter x Hunter\Hunter x Hunter\[6 GREED ISLAND 059-075]\61.mp4,2026-08-20
Hunter x Hunter,Serie TV,,,Ep062,62.mp4,Hunter x Hunter\[6 GREED ISLAND 059-075],.mp4,,Memoria S,F:\SERIE TV\Hunter x Hunter\Hunter x Hunter\[6 GREED ISLAND 059-075]\62.mp4,2026-08-20
Hunter x Hunter,Serie TV,,,Ep063,63.mp4,Hunter x Hunter\[6 GREED ISLAND 059-075],.mp4,,Memoria S,F:\SERIE TV\Hunter x Hunter\Hunter x Hunter\[6 GREED ISLAND 059-075]\63.mp4,2026-08-20
Hunter x Hunter,Serie TV,,,Ep064,64.mp4,Hunter x Hunter\[6 GREED ISLAND 059-075],.mp4,,Memoria S,F:\SERIE TV\Hunter x Hunter\Hunter x Hunter\[6 GREED ISLAND 059-075]\64.mp4,2026-08-20
Hunter x Hunter,Serie TV,,,Ep065,65.mp4,Hunter x Hunter\[6 GREED ISLAND 059-075],.mp4,,Memoria S,F:\SERIE TV\Hunter x Hunter\Hunter x Hunter\[6 GREED ISLAND 059-075]\65.mp4,2026-08-20
Hunter x Hunter,Serie TV,,,Ep066,66.mp4,Hunter x Hunter\[6 GREED ISLAND 059-075],.mp4,,Memoria S,F:\SERIE TV\Hunter x Hunter\Hunter x Hunter\[6 GREED ISLAND 059-075]\66.mp4,2026-08-20
Hunter x Hunter,Serie TV,,,Ep067,67.mp4,Hunter x Hunter\[6 GREED ISLAND 059-075],.mp4,,Memoria S,F:\SERIE TV\Hunter x Hunter\Hunter x Hunter\[6 GREED ISLAND 059-075]\67.mp4,2026-08-20
Hunter x Hunter,Serie TV,,,Ep068,68.mp4,Hunter x Hunter\[6 GREED ISLAND 059-075],.mp4,,Memoria S,F:\SERIE TV\Hunter x Hunter\Hunter x Hunter\[6 GREED ISLAND 059-075]\68.mp4,2026-08-20
Hunter x Hunter,Serie TV,,,Ep069,69.mp4,Hunter x Hunter\[6 GREED ISLAND 059-075],.mp4,,Memoria S,F:\SERIE TV\Hunter x Hunter\Hunter x Hunter\[6 GREED ISLAND 059-075]\69.mp4,2026-08-20
Hunter x Hunter,Serie TV,,,Ep070,70.mp4,Hunter x Hunter\[6 GREED ISLAND 059-075],.mp4,,Memoria S,F:\SERIE TV\Hunter x Hunter\Hunter x Hunter\[6 GREED ISLAND 059-075]\70.mp4,2026-08-20
Hunter x Hunter,Serie TV,,,Ep071,71.mp4,Hunter x Hunter\[6 GREED ISLAND 059-075],.mp4,,Memoria S,F:\SERIE TV\Hunter x Hunter\Hunter x Hunter\[6 GREED ISLAND 059-075]\71.mp4,2026-08-20
Hunter x Hunter,Serie TV,,,Ep072,72.mp4,Hunter x Hunter\[6 GREED ISLAND 059-075],.mp4,,Memoria S,F:\SERIE TV\Hunter x Hunter\Hunter x Hunter\[6 GREED ISLAND 059-075]\72.mp4,2026-08-20
Hunter x Hunter,Serie TV,,,Ep073,73.mp4,Hunter x Hunter\[6 GREED ISLAND 059-075],.mp4,,Memoria S,F:\SERIE TV\Hunter x Hunter\Hunter x Hunter\[6 GREED ISLAND 059-075]\73.mp4,2026-08-20
Hunter x Hunter,Serie TV,,,Ep074,74.mp4,Hunter x Hunter\[6 GREED ISLAND 059-075],.mp4,,Memoria S,F:\SERIE TV\Hunter x Hunter\Hunter x Hunter\[6 GREED ISLAND 059-075]\74.mp4,2026-08-20
Hunter x Hunter,Serie TV,,,Ep075,75.mp4,Hunter x Hunter\[6 GREED ISLAND 059-075],.mp4,,Memoria S,F:\SERIE TV\Hunter x Hunter\Hunter x Hunter\[6 GREED ISLAND 059-075]\75.mp4,2026-08-20
Hunter x Hunter,Serie TV,,,Ep076,76.mp4,Hunter x Hunter\[7 LA FORMICHIMERA 076-136],.mp4,,Memoria S,F:\SERIE TV\Hunter x Hunter\Hunter x Hunter\[7 LA FORMICHIMERA 076-136]\76.mp4,2026-08-20
Hunter x Hunter,Serie TV,,,Ep077,77.mp4,Hunter x Hunter\[7 LA FORMICHIMERA 076-136],.mp4,,Memoria S,F:\SERIE TV\Hunter x Hunter\Hunter x Hunter\[7 LA FORMICHIMERA 076-136]\77.mp4,2026-08-20
Hunter x Hunter,Serie TV,,,Ep078,78(WA).mp4,Hunter x Hunter\[7 LA FORMICHIMERA 076-136],.mp4,,Memoria S,F:\SERIE TV\Hunter x Hunter\Hunter x Hunter\[7 LA FORMICHIMERA 076-136]\78(WA).mp4,2026-08-20
Hunter x Hunter,Serie TV,,,Ep079,79(WA).mp4,Hunter x Hunter\[7 LA FORMICHIMERA 076-136],.mp4,,Memoria S,F:\SERIE TV\Hunter x Hunter\Hunter x Hunter\[7 LA FORMICHIMERA 076-136]\79(WA).mp4,2026-08-20
Hunter x Hunter,Serie TV,,,Ep080,80(WA).mp4,Hunter x Hunter\[7 LA FORMICHIMERA 076-136],.mp4,,Memoria S,F:\SERIE TV\Hunter x Hunter\Hunter x Hunter\[7 LA FORMICHIMERA 076-136]\80(WA).mp4,2026-08-20
Hunter x Hunter,Serie TV,,,Ep081,81(WA).mp4,Hunter x Hunter\[7 LA FORMICHIMERA 076-136],.mp4,,Memoria S,F:\SERIE TV\Hunter x Hunter\Hunter x Hunter\[7 LA FORMICHIMERA 076-136]\81(WA).mp4,2026-08-20
Hunter x Hunter,Serie TV,,,Ep082,82(WA).mp4,Hunter x Hunter\[7 LA FORMICHIMERA 076-136],.mp4,,Memoria S,F:\SERIE TV\Hunter x Hunter\Hunter x Hunter\[7 LA FORMICHIMERA 076-136]\82(WA).mp4,2026-08-20
Hunter x Hunter,Serie TV,,,Ep083,83(WA).mp4,Hunter x Hunter\[7 LA FORMICHIMERA 076-136],.mp4,,Memoria S,F:\SERIE TV\Hunter x Hunter\Hunter x Hunter\[7 LA FORMICHIMERA 076-136]\83(WA).mp4,2026-08-20
Hunter x Hunter,Serie TV,,,Ep084,84(WA).mp4,Hunter x Hunter\[7 LA FORMICHIMERA 076-136],.mp4,,Memoria S,F:\SERIE TV\Hunter x Hunter\Hunter x Hunter\[7 LA FORMICHIMERA 076-136]\84(WA).mp4,2026-08-20
Hunter x Hunter,Serie TV,,,Ep085,85(WA).mp4,Hunter x Hunter\[7 LA FORMICHIMERA 076-136],.mp4,,Memoria S,F:\SERIE TV\Hunter x Hunter\Hunter x Hunter\[7 LA FORMICHIMERA 076-136]\85(WA).mp4,2026-08-20
Hunter x Hunter,Serie TV,,,Ep086,86(WA).mp4,Hunter x Hunter\[7 LA FORMICHIMERA 076-136],.mp4,,Memoria S,F:\SERIE TV\Hunter x Hunter\Hunter x Hunter\[7 LA FORMICHIMERA 076-136]\86(WA).mp4,2026-08-20
Hunter x Hunter,Serie TV,,,Ep087,87(WA).mp4,Hunter x Hunter\[7 LA FORMICHIMERA 076-136],.mp4,,Memoria S,F:\SERIE TV\Hunter x Hunter\Hunter x Hunter\[7 LA FORMICHIMERA 076-136]\87(WA).mp4,2026-08-20
Hunter x Hunter,Serie TV,,,Ep088,88(WA).mp4,Hunter x Hunter\[7 LA FORMICHIMERA 076-136],.mp4,,Memoria S,F:\SERIE TV\Hunter x Hunter\Hunter x Hunter\[7 LA FORMICHIMERA 076-136]\88(WA).mp4,2026-08-20
Hunter x Hunter,Serie TV,,,Ep089,89(WA).mp4,Hunter x Hunter\[7 LA FORMICHIMERA 076-136],.mp4,,Memoria S,F:\SERIE TV\Hunter x Hunter\Hunter x Hunter\[7 LA FORMICHIMERA 076-136]\89(WA).mp4,2026-08-20
Hunter x Hunter,Serie TV,,,Ep090,90(WA).mp4,Hunter x Hunter\[7 LA FORMICHIMERA 076-136],.mp4,,Memoria S,F:\SERIE TV\Hunter x Hunter\Hunter x Hunter\[7 LA FORMICHIMERA 076-136]\90(WA).mp4,2026-08-20
Hunter x Hunter,Serie TV,,,Ep091,91(WA).mp4,Hunter x Hunter\[7 LA FORMICHIMERA 076-136],.mp4,,Memoria S,F:\SERIE TV\Hunter x Hunter\Hunter x Hunter\[7 LA FORMICHIMERA 076-136]\91(WA).mp4,2026-08-20
Hunter x Hunter,Serie TV,,,Ep092,92(WA).mp4,Hunter x Hunter\[7 LA FORMICHIMERA 076-136],.mp4,,Memoria S,F:\SERIE TV\Hunter x Hunter\Hunter x Hunter\[7 LA FORMICHIMERA 076-136]\92(WA).mp4,2026-08-20
Hunter x Hunter,Serie TV,,,Ep093,93(WA).mp4,Hunter x Hunter\[7 LA FORMICHIMERA 076-136],.mp4,,Memoria S,F:\SERIE TV\Hunter x Hunter\Hunter x Hunter\[7 LA FORMICHIMERA 076-136]\93(WA).mp4,2026-08-20
Hunter x Hunter,Serie TV,,,Ep094,94(WA).mp4,Hunter x Hunter\[7 LA FORMICHIMERA 076-136],.mp4,,Memoria S,F:\SERIE TV\Hunter x Hunter\Hunter x Hunter\[7 LA FORMICHIMERA 076-136]\94(WA).mp4,2026-08-20
Hunter x Hunter,Serie TV,,,Ep095,95(WA).mp4,Hunter x Hunter\[7 LA FORMICHIMERA 076-136],.mp4,,Memoria S,F:\SERIE TV\Hunter x Hunter\Hunter x Hunter\[7 LA FORMICHIMERA 076-136]\95(WA).mp4,2026-08-20
Hunter x Hunter,Serie TV,,,Ep096,96(WA).mp4,Hunter x Hunter\[7 LA FORMICHIMERA 076-136],.mp4,,Memoria S,F:\SERIE TV\Hunter x Hunter\Hunter x Hunter\[7 LA FORMICHIMERA 076-136]\96(WA).mp4,2026-08-20
Hunter x Hunter,Serie TV,,,Ep097,97(WA).mp4,Hunter x Hunter\[7 LA FORMICHIMERA 076-136],.mp4,,Memoria S,F:\SERIE TV\Hunter x Hunter\Hunter x Hunter\[7 LA FORMICHIMERA 076-136]\97(WA).mp4,2026-08-20
Hunter x Hunter,Serie TV,,,Ep098,98(WA).mp4,Hunter x Hunter\[7 LA FORMICHIMERA 076-136],.mp4,,Memoria S,F:\SERIE TV\Hunter x Hunter\Hunter x Hunter\[7 LA FORMICHIMERA 076-136]\98(WA).mp4,2026-08-20
Hunter x Hunter,Serie TV,,,Ep099,99(WA).mp4,Hunter x Hunter\[7 LA FORMICHIMERA 076-136],.mp4,,Memoria S,F:\SERIE TV\Hunter x Hunter\Hunter x Hunter\[7 LA FORMICHIMERA 076-136]\99(WA).mp4,2026-08-20
Hunter x Hunter,Serie TV,,,Ep100,100(WA).mp4,Hunter x Hunter\[7 LA FORMICHIMERA 076-136],.mp4,,Memoria S,F:\SERIE TV\Hunter x Hunter\Hunter x Hunter\[7 LA FORMICHIMERA 076-136]\100(WA).mp4,2026-08-20
Hunter x Hunter,Serie TV,,,Ep101,101(WA).mp4,Hunter x Hunter\[7 LA FORMICHIMERA 076-136],.mp4,,Memoria S,F:\SERIE TV\Hunter x Hunter\Hunter x Hunter\[7 LA FORMICHIMERA 076-136]\101(WA).mp4,2026-08-20
Hunter x Hunter,Serie TV,,,Ep102,102(WA).mp4,Hunter x Hunter\[7 LA FORMICHIMERA 076-136],.mp4,,Memoria S,F:\SERIE TV\Hunter x Hunter\Hunter x Hunter\[7 LA FORMICHIMERA 076-136]\102(WA).mp4,2026-08-20
Hunter x Hunter,Serie TV,,,Ep103,103(WA).mp4,Hunter x Hunter\[7 LA FORMICHIMERA 076-136],.mp4,,Memoria S,F:\SERIE TV\Hunter x Hunter\Hunter x Hunter\[7 LA FORMICHIMERA 076-136]\103(WA).mp4,2026-08-20
Hunter x Hunter,Serie TV,,,Ep104,104(WA).mp4,Hunter x Hunter\[7 LA FORMICHIMERA 076-136],.mp4,,Memoria S,F:\SERIE TV\Hunter x Hunter\Hunter x Hunter\[7 LA FORMICHIMERA 076-136]\104(WA).mp4,2026-08-20
Hunter x Hunter,Serie TV,,,Ep105,105(WA).mp4,Hunter x Hunter\[7 LA FORMICHIMERA 076-136],.mp4,,Memoria S,F:\SERIE TV\Hunter x Hunter\Hunter x Hunter\[7 LA FORMICHIMERA 076-136]\105(WA).mp4,2026-08-20
Hunter x Hunter,Serie TV,,,Ep106,106.mp4,Hunter x Hunter\[7 LA FORMICHIMERA 076-136],.mp4,,Memoria S,F:\SERIE TV\Hunter x Hunter\Hunter x Hunter\[7 LA FORMICHIMERA 076-136]\106.mp4,2026-08-20
Hunter x Hunter,Serie TV,,,Ep107,107(WA).mp4,Hunter x Hunter\[7 LA FORMICHIMERA 076-136],.mp4,,Memoria S,F:\SERIE TV\Hunter x Hunter\Hunter x Hunter\[7 LA FORMICHIMERA 076-136]\107(WA).mp4,2026-08-20
Hunter x Hunter,Serie TV,,,Ep108,108.mp4,Hunter x Hunter\[7 LA FORMICHIMERA 076-136],.mp4,,Memoria S,F:\SERIE TV\Hunter x Hunter\Hunter x Hunter\[7 LA FORMICHIMERA 076-136]\108.mp4,2026-08-20
Hunter x Hunter,Serie TV,,,Ep109,109(WA).mp4,Hunter x Hunter\[7 LA FORMICHIMERA 076-136],.mp4,,Memoria S,F:\SERIE TV\Hunter x Hunter\Hunter x Hunter\[7 LA FORMICHIMERA 076-136]\109(WA).mp4,2026-08-20
Hunter x Hunter,Serie TV,,,Ep110,110(WA).mp4,Hunter x Hunter\[7 LA FORMICHIMERA 076-136],.mp4,,Memoria S,F:\SERIE TV\Hunter x Hunter\Hunter x Hunter\[7 LA FORMICHIMERA 076-136]\110(WA).mp4,2026-08-20
Hunter x Hunter,Serie TV,,,Ep111,111(WA).mp4,Hunter x Hunter\[7 LA FORMICHIMERA 076-136],.mp4,,Memoria S,F:\SERIE TV\Hunter x Hunter\Hunter x Hunter\[7 LA FORMICHIMERA 076-136]\111(WA).mp4,2026-08-20
Hunter x Hunter,Serie TV,,,Ep112,112.mp4,Hunter x Hunter\[7 LA FORMICHIMERA 076-136],.mp4,,Memoria S,F:\SERIE TV\Hunter x Hunter\Hunter x Hunter\[7 LA FORMICHIMERA 076-136]\112.mp4,2026-08-20
Hunter x Hunter,Serie TV,,,Ep113,113(WA).mp4,Hunter x Hunter\[7 LA FORMICHIMERA 076-136],.mp4,,Memoria S,F:\SERIE TV\Hunter x Hunter\Hunter x Hunter\[7 LA FORMICHIMERA 076-136]\113(WA).mp4,2026-08-20
Hunter x Hunter,Serie TV,,,Ep114,114(WA).mp4,Hunter x Hunter\[7 LA FORMICHIMERA 076-136],.mp4,,Memoria S,F:\SERIE TV\Hunter x Hunter\Hunter x Hunter\[7 LA FORMICHIMERA 076-136]\114(WA).mp4,2026-08-20
Hunter x Hunter,Serie TV,,,Ep115,115(WA).mp4,Hunter x Hunter\[7 LA FORMICHIMERA 076-136],.mp4,,Memoria S,F:\SERIE TV\Hunter x Hunter\Hunter x Hunter\[7 LA FORMICHIMERA 076-136]\115(WA).mp4,2026-08-20
Hunter x Hunter,Serie TV,,,Ep116,116(WA).mp4,Hunter x Hunter\[7 LA FORMICHIMERA 076-136],.mp4,,Memoria S,F:\SERIE TV\Hunter x Hunter\Hunter x Hunter\[7 LA FORMICHIMERA 076-136]\116(WA).mp4,2026-08-20
Hunter x Hunter,Serie TV,,,Ep117,117(WA).mp4,Hunter x Hunter\[7 LA FORMICHIMERA 076-136],.mp4,,Memoria S,F:\SERIE TV\Hunter x Hunter\Hunter x Hunter\[7 LA FORMICHIMERA 076-136]\117(WA).mp4,2026-08-20
Hunter x Hunter,Serie TV,,,Ep118,118(WA).mp4,Hunter x Hunter\[7 LA FORMICHIMERA 076-136],.mp4,,Memoria S,F:\SERIE TV\Hunter x Hunter\Hunter x Hunter\[7 LA FORMICHIMERA 076-136]\118(WA).mp4,2026-08-20
Hunter x Hunter,Serie TV,,,Ep119,119(WA).mp4,Hunter x Hunter\[7 LA FORMICHIMERA 076-136],.mp4,,Memoria S,F:\SERIE TV\Hunter x Hunter\Hunter x Hunter\[7 LA FORMICHIMERA 076-136]\119(WA).mp4,2026-08-20
Hunter x Hunter,Serie TV,,,Ep120,120(WA).mp4,Hunter x Hunter\[7 LA FORMICHIMERA 076-136],.mp4,,Memoria S,F:\SERIE TV\Hunter x Hunter\Hunter x Hunter\[7 LA FORMICHIMERA 076-136]\120(WA).mp4,2026-08-20
Hunter x Hunter,Serie TV,,,Ep121,121(WA).mp4,Hunter x Hunter\[7 LA FORMICHIMERA 076-136],.mp4,,Memoria S,F:\SERIE TV\Hunter x Hunter\Hunter x Hunter\[7 LA FORMICHIMERA 076-136]\121(WA).mp4,2026-08-20
Hunter x Hunter,Serie TV,,,Ep122,122(WA).mp4,Hunter x Hunter\[7 LA FORMICHIMERA 076-136],.mp4,,Memoria S,F:\SERIE TV\Hunter x Hunter\Hunter x Hunter\[7 LA FORMICHIMERA 076-136]\122(WA).mp4,2026-08-20
Hunter x Hunter,Serie TV,,,Ep123,123(WA).mp4,Hunter x Hunter\[7 LA FORMICHIMERA 076-136],.mp4,,Memoria S,F:\SERIE TV\Hunter x Hunter\Hunter x Hunter\[7 LA FORMICHIMERA 076-136]\123(WA).mp4,2026-08-20
Hunter x Hunter,Serie TV,,,Ep124,124(WA).mp4,Hunter x Hunter\[7 LA FORMICHIMERA 076-136],.mp4,,Memoria S,F:\SERIE TV\Hunter x Hunter\Hunter x Hunter\[7 LA FORMICHIMERA 076-136]\124(WA).mp4,2026-08-20
Hunter x Hunter,Serie TV,,,Ep125,125(WA).mp4,Hunter x Hunter\[7 LA FORMICHIMERA 076-136],.mp4,,Memoria S,F:\SERIE TV\Hunter x Hunter\Hunter x Hunter\[7 LA FORMICHIMERA 076-136]\125(WA).mp4,2026-08-20
Hunter x Hunter,Serie TV,,,Ep126,126(WA).mp4,Hunter x Hunter\[7 LA FORMICHIMERA 076-136],.mp4,,Memoria S,F:\SERIE TV\Hunter x Hunter\Hunter x Hunter\[7 LA FORMICHIMERA 076-136]\126(WA).mp4,2026-08-20
Hunter x Hunter,Serie TV,,,Ep127,127(WA).mp4,Hunter x Hunter\[7 LA FORMICHIMERA 076-136],.mp4,,Memoria S,F:\SERIE TV\Hunter x Hunter\Hunter x Hunter\[7 LA FORMICHIMERA 076-136]\127(WA).mp4,2026-08-20
Hunter x Hunter,Serie TV,,,Ep128,128(WA).mp4,Hunter x Hunter\[7 LA FORMICHIMERA 076-136],.mp4,,Memoria S,F:\SERIE TV\Hunter x Hunter\Hunter x Hunter\[7 LA FORMICHIMERA 076-136]\128(WA).mp4,2026-08-20
Hunter x Hunter,Serie TV,,,Ep129,129(WA).mp4,Hunter x Hunter\[7 LA FORMICHIMERA 076-136],.mp4,,Memoria S,F:\SERIE TV\Hunter x Hunter\Hunter x Hunter\[7 LA FORMICHIMERA 076-136]\129(WA).mp4,2026-08-20
Hunter x Hunter,Serie TV,,,Ep130,130(WA).mp4,Hunter x Hunter\[7 LA FORMICHIMERA 076-136],.mp4,,Memoria S,F:\SERIE TV\Hunter x Hunter\Hunter x Hunter\[7 LA FORMICHIMERA 076-136]\130(WA).mp4,2026-08-20
Hunter x Hunter,Serie TV,,,Ep131,131(WA).mp4,Hunter x Hunter\[7 LA FORMICHIMERA 076-136],.mp4,,Memoria S,F:\SERIE TV\Hunter x Hunter\Hunter x Hunter\[7 LA FORMICHIMERA 076-136]\131(WA).mp4,2026-08-20
Hunter x Hunter,Serie TV,,,Ep132,132(WA).mp4,Hunter x Hunter\[7 LA FORMICHIMERA 076-136],.mp4,,Memoria S,F:\SERIE TV\Hunter x Hunter\Hunter x Hunter\[7 LA FORMICHIMERA 076-136]\132(WA).mp4,2026-08-20
Hunter x Hunter,Serie TV,,,Ep133,133(WA).mp4,Hunter x Hunter\[7 LA FORMICHIMERA 076-136],.mp4,,Memoria S,F:\SERIE TV\Hunter x Hunter\Hunter x Hunter\[7 LA FORMICHIMERA 076-136]\133(WA).mp4,2026-08-20
Hunter x Hunter,Serie TV,,,Ep134,134(WA).mp4,Hunter x Hunter\[7 LA FORMICHIMERA 076-136],.mp4,,Memoria S,F:\SERIE TV\Hunter x Hunter\Hunter x Hunter\[7 LA FORMICHIMERA 076-136]\134(WA).mp4,2026-08-20
Hunter x Hunter,Serie TV,,,Ep135,135(WA).mp4,Hunter x Hunter\[7 LA FORMICHIMERA 076-136],.mp4,,Memoria S,F:\SERIE TV\Hunter x Hunter\Hunter x Hunter\[7 LA FORMICHIMERA 076-136]\135(WA).mp4,2026-08-20
Hunter x Hunter,Serie TV,,,Ep136,136(WA).mp4,Hunter x Hunter\[7 LA FORMICHIMERA 076-136],.mp4,,Memoria S,F:\SERIE TV\Hunter x Hunter\Hunter x Hunter\[7 LA FORMICHIMERA 076-136]\136(WA).mp4,2026-08-20
Hunter x Hunter,Serie TV,,,Ep137,137(WA).mp4,Hunter x Hunter\[8 ELEZIONE DEL XIII PRESIDENTE HUNTER 137-148],.mp4,,Memoria S,F:\SERIE TV\Hunter x Hunter\Hunter x Hunter\[8 ELEZIONE DEL XIII PRESIDENTE HUNTER 137-148]\137(WA).mp4,2026-08-20
Hunter x Hunter,Serie TV,,,Ep138,138(WA).mp4,Hunter x Hunter\[8 ELEZIONE DEL XIII PRESIDENTE HUNTER 137-148],.mp4,,Memoria S,F:\SERIE TV\Hunter x Hunter\Hunter x Hunter\[8 ELEZIONE DEL XIII PRESIDENTE HUNTER 137-148]\138(WA).mp4,2026-08-20
Hunter x Hunter,Serie TV,,,Ep139,139(WA).mp4,Hunter x Hunter\[8 ELEZIONE DEL XIII PRESIDENTE HUNTER 137-148],.mp4,,Memoria S,F:\SERIE TV\Hunter x Hunter\Hunter x Hunter\[8 ELEZIONE DEL XIII PRESIDENTE HUNTER 137-148]\139(WA).mp4,2026-08-20
Hunter x Hunter,Serie TV,,,Ep140,140(WA).mp4,Hunter x Hunter\[8 ELEZIONE DEL XIII PRESIDENTE HUNTER 137-148],.mp4,,Memoria S,F:\SERIE TV\Hunter x Hunter\Hunter x Hunter\[8 ELEZIONE DEL XIII PRESIDENTE HUNTER 137-148]\140(WA).mp4,2026-08-20
Hunter x Hunter,Serie TV,,,Ep141,141(WA).mp4,Hunter x Hunter\[8 ELEZIONE DEL XIII PRESIDENTE HUNTER 137-148],.mp4,,Memoria S,F:\SERIE TV\Hunter x Hunter\Hunter x Hunter\[8 ELEZIONE DEL XIII PRESIDENTE HUNTER 137-148]\141(WA).mp4,2026-08-20
Hunter x Hunter,Serie TV,,,Ep142,142(WA).mp4,Hunter x Hunter\[8 ELEZIONE DEL XIII PRESIDENTE HUNTER 137-148],.mp4,,Memoria S,F:\SERIE TV\Hunter x Hunter\Hunter x Hunter\[8 ELEZIONE DEL XIII PRESIDENTE HUNTER 137-148]\142(WA).mp4,2026-08-20
Hunter x Hunter,Serie TV,,,Ep143,143(WA).mp4,Hunter x Hunter\[8 ELEZIONE DEL XIII PRESIDENTE HUNTER 137-148],.mp4,,Memoria S,F:\SERIE TV\Hunter x Hunter\Hunter x Hunter\[8 ELEZIONE DEL XIII PRESIDENTE HUNTER 137-148]\143(WA).mp4,2026-08-20
Hunter x Hunter,Serie TV,,,Ep144,144(WA).mp4,Hunter x Hunter\[8 ELEZIONE DEL XIII PRESIDENTE HUNTER 137-148],.mp4,,Memoria S,F:\SERIE TV\Hunter x Hunter\Hunter x Hunter\[8 ELEZIONE DEL XIII PRESIDENTE HUNTER 137-148]\144(WA).mp4,2026-08-20
Hunter x Hunter,Serie TV,,,Ep145,145(WA).mp4,Hunter x Hunter\[8 ELEZIONE DEL XIII PRESIDENTE HUNTER 137-148],.mp4,,Memoria S,F:\SERIE TV\Hunter x Hunter\Hunter x Hunter\[8 ELEZIONE DEL XIII PRESIDENTE HUNTER 137-148]\145(WA).mp4,2026-08-20
Hunter x Hunter,Serie TV,,,Ep146,146(WA).mp4,Hunter x Hunter\[8 ELEZIONE DEL XIII PRESIDENTE HUNTER 137-148],.mp4,,Memoria S,F:\SERIE TV\Hunter x Hunter\Hunter x Hunter\[8 ELEZIONE DEL XIII PRESIDENTE HUNTER 137-148]\146(WA).mp4,2026-08-20
Hunter x Hunter,Serie TV,,,Ep147,147(WA).mp4,Hunter x Hunter\[8 ELEZIONE DEL XIII PRESIDENTE HUNTER 137-148],.mp4,,Memoria S,F:\SERIE TV\Hunter x Hunter\Hunter x Hunter\[8 ELEZIONE DEL XIII PRESIDENTE HUNTER 137-148]\147(WA).mp4,2026-08-20
Hunter x Hunter,Serie TV,,,Ep148,148(WA).mp4,Hunter x Hunter\[8 ELEZIONE DEL XIII PRESIDENTE HUNTER 137-148],.mp4,,Memoria S,F:\SERIE TV\Hunter x Hunter\Hunter x Hunter\[8 ELEZIONE DEL XIII PRESIDENTE HUNTER 137-148]\148(WA).mp4,2026-08-20
Il Trono Di Spade,Serie TV,,1,S01E01,Il Trono Di Spade - 1x01 - L'Inverno Sta Arrivando HD.mkv,Il Trono Di Spade,.mkv,,Memoria S,F:\SERIE TV\Il Trono Di Spade\Il Trono Di Spade - 1x01 - L'Inverno Sta Arrivando HD.mkv,2026-08-20
Il Trono Di Spade,Serie TV,,1,S01E02,Il Trono Di Spade - 1x02 - La Strada Del Re HD.mkv,Il Trono Di Spade,.mkv,,Memoria S,F:\SERIE TV\Il Trono Di Spade\Il Trono Di Spade - 1x02 - La Strada Del Re HD.mkv,2026-08-20
Il Trono Di Spade,Serie TV,,1,S01E03,Il Trono Di Spade - 1x03 - Lord Snow HD.mkv,Il Trono Di Spade,.mkv,,Memoria S,F:\SERIE TV\Il Trono Di Spade\Il Trono Di Spade - 1x03 - Lord Snow HD.mkv,2026-08-20
Il Trono Di Spade,Serie TV,,1,S01E04,Il Trono Di Spade - 1x04 - Il Giuramento HD.mkv,Il Trono Di Spade,.mkv,,Memoria S,F:\SERIE TV\Il Trono Di Spade\Il Trono Di Spade - 1x04 - Il Giuramento HD.mkv,2026-08-20
Il Trono Di Spade,Serie TV,,1,S01E05,Il Trono Di Spade - 1x05 - Il Lupo e Il Leone HD.mkv,Il Trono Di Spade,.mkv,,Memoria S,F:\SERIE TV\Il Trono Di Spade\Il Trono Di Spade - 1x05 - Il Lupo e Il Leone HD.mkv,2026-08-20
Il Trono Di Spade,Serie TV,,1,S01E06,Il Trono Di Spade - 1x06 -  La Corona D'Oro HD.mkv,Il Trono Di Spade,.mkv,,Memoria S,F:\SERIE TV\Il Trono Di Spade\Il Trono Di Spade - 1x06 -  La Corona D'Oro HD.mkv,2026-08-20
Il Trono Di Spade,Serie TV,,1,S01E07,Il Trono Di Spade - 1x07 - Il Gioco Dei Troni HD.mkv,Il Trono Di Spade,.mkv,,Memoria S,F:\SERIE TV\Il Trono Di Spade\Il Trono Di Spade - 1x07 - Il Gioco Dei Troni HD.mkv,2026-08-20
Il Trono Di Spade,Serie TV,,1,S01E08,Il Trono Di Spade - 1x08 - La Guerra Alle Porte HD.mkv,Il Trono Di Spade,.mkv,,Memoria S,F:\SERIE TV\Il Trono Di Spade\Il Trono Di Spade - 1x08 - La Guerra Alle Porte HD.mkv,2026-08-20
Il Trono Di Spade,Serie TV,,1,S01E09,Il Trono Di Spade - 1x09 - La Confessione HD.mkv,Il Trono Di Spade,.mkv,,Memoria S,F:\SERIE TV\Il Trono Di Spade\Il Trono Di Spade - 1x09 - La Confessione HD.mkv,2026-08-20
Il Trono Di Spade,Serie TV,,1,S01E10,Il Trono Di Spade - 1x10 - Fuoco E Sangue HD.mkv,Il Trono Di Spade,.mkv,,Memoria S,F:\SERIE TV\Il Trono Di Spade\Il Trono Di Spade - 1x10 - Fuoco E Sangue HD.mkv,2026-08-20
Il Trono Di Spade,Serie TV,,2,S02E01,Il Trono Di Spade - 2x01 - Il Nord Non Dimentica HD.mkv,Il Trono Di Spade,.mkv,,Memoria S,F:\SERIE TV\Il Trono Di Spade\Il Trono Di Spade - 2x01 - Il Nord Non Dimentica HD.mkv,2026-08-20
Il Trono Di Spade,Serie TV,,2,S02E02,Il Trono Di Spade - 2x02 - Oltre La Barriera HD.mkv,Il Trono Di Spade,.mkv,,Memoria S,F:\SERIE TV\Il Trono Di Spade\Il Trono Di Spade - 2x02 - Oltre La Barriera HD.mkv,2026-08-20
Il Trono Di Spade,Serie TV,,2,S02E03,Il Trono Di Spade - 2x03 - Ciò Che E' Morto Non Muoia Mai HD.mkv,Il Trono Di Spade,.mkv,,Memoria S,F:\SERIE TV\Il Trono Di Spade\Il Trono Di Spade - 2x03 - Ciò Che E' Morto Non Muoia Mai HD.mkv,2026-08-20
Il Trono Di Spade,Serie TV,,2,S02E04,Il Trono Di Spade - 2x04 - Giardino Di Ossa HD.mkv,Il Trono Di Spade,.mkv,,Memoria S,F:\SERIE TV\Il Trono Di Spade\Il Trono Di Spade - 2x04 - Giardino Di Ossa HD.mkv,2026-08-20
Il Trono Di Spade,Serie TV,,2,S02E05,Il Trono Di Spade - 2x05 - Il Giardino Della Fortezza HD.mkv,Il Trono Di Spade,.mkv,,Memoria S,F:\SERIE TV\Il Trono Di Spade\Il Trono Di Spade - 2x05 - Il Giardino Della Fortezza HD.mkv,2026-08-20
Il Trono Di Spade,Serie TV,,2,S02E06,Il Trono Di Spade - 2x06 - Vecchi E Nuovi Dei HD.mkv,Il Trono Di Spade,.mkv,,Memoria S,F:\SERIE TV\Il Trono Di Spade\Il Trono Di Spade - 2x06 - Vecchi E Nuovi Dei HD.mkv,2026-08-20
Il Trono Di Spade,Serie TV,,2,S02E07,Il Trono Di Spade - 2x07 - Un Uomo Senza Onore HD.mkv,Il Trono Di Spade,.mkv,,Memoria S,F:\SERIE TV\Il Trono Di Spade\Il Trono Di Spade - 2x07 - Un Uomo Senza Onore HD.mkv,2026-08-20
Il Trono Di Spade,Serie TV,,2,S02E08,Il Trono Di Spade - 2x08 - Il Principe Di Grande Inverno HD.mkv,Il Trono Di Spade,.mkv,,Memoria S,F:\SERIE TV\Il Trono Di Spade\Il Trono Di Spade - 2x08 - Il Principe Di Grande Inverno HD.mkv,2026-08-20
Il Trono Di Spade,Serie TV,,2,S02E09,Il Trono Di Spade - 2x09 - L'Assedio HD.mkv,Il Trono Di Spade,.mkv,,Memoria S,F:\SERIE TV\Il Trono Di Spade\Il Trono Di Spade - 2x09 - L'Assedio HD.mkv,2026-08-20
Il Trono Di Spade,Serie TV,,2,S02E10,Il Trono Di Spade - 2x10 - Chiunque Può Essere Ucciso HD.mkv,Il Trono Di Spade,.mkv,,Memoria S,F:\SERIE TV\Il Trono Di Spade\Il Trono Di Spade - 2x10 - Chiunque Può Essere Ucciso HD.mkv,2026-08-20
Il Trono Di Spade,Serie TV,,3,S03E01,Il Trono Di Spade - 3x01 - Valar Dohaeris HD.mkv,Il Trono Di Spade,.mkv,,Memoria S,F:\SERIE TV\Il Trono Di Spade\Il Trono Di Spade - 3x01 - Valar Dohaeris HD.mkv,2026-08-20
Il Trono Di Spade,Serie TV,,3,S03E02,"Il Trono Di Spade - 3x02 - Ali Oscure, Oscure Parole HD.mkv",Il Trono Di Spade,.mkv,,Memoria S,"F:\SERIE TV\Il Trono Di Spade\Il Trono Di Spade - 3x02 - Ali Oscure, Oscure Parole HD.mkv",2026-08-20
Il Trono Di Spade,Serie TV,,3,S03E03,Il Trono Di Spade - 3x03 - Il Cammino Del Supplizio HD.mkv,Il Trono Di Spade,.mkv,,Memoria S,F:\SERIE TV\Il Trono Di Spade\Il Trono Di Spade - 3x03 - Il Cammino Del Supplizio HD.mkv,2026-08-20
Il Trono Di Spade,Serie TV,,3,S03E04,Il Trono Di Spade - 3x04 - E Ora La Sua Guardia Si E' Conclusa HD.mkv,Il Trono Di Spade,.mkv,,Memoria S,F:\SERIE TV\Il Trono Di Spade\Il Trono Di Spade - 3x04 - E Ora La Sua Guardia Si E' Conclusa HD.mkv,2026-08-20
Il Trono Di Spade,Serie TV,,3,S03E05,Il Trono Di Spade - 3x05 - Baciata Dal Fuoco.mkv,Il Trono Di Spade,.mkv,,Memoria S,F:\SERIE TV\Il Trono Di Spade\Il Trono Di Spade - 3x05 - Baciata Dal Fuoco.mkv,2026-08-20
Il Trono Di Spade,Serie TV,,3,S03E06,Il Trono Di Spade - 3x06 - La Scalata HD.mkv,Il Trono Di Spade,.mkv,,Memoria S,F:\SERIE TV\Il Trono Di Spade\Il Trono Di Spade - 3x06 - La Scalata HD.mkv,2026-08-20
Il Trono Di Spade,Serie TV,,3,S03E07,Il Trono Di Spade - 3x07 - L'Orso E La Fanciulla Bionda HD.mkv,Il Trono Di Spade,.mkv,,Memoria S,F:\SERIE TV\Il Trono Di Spade\Il Trono Di Spade - 3x07 - L'Orso E La Fanciulla Bionda HD.mkv,2026-08-20
Il Trono Di Spade,Serie TV,,3,S03E08,Il Trono Di Spade - 3x08 - I Secondi Figli HD.mkv,Il Trono Di Spade,.mkv,,Memoria S,F:\SERIE TV\Il Trono Di Spade\Il Trono Di Spade - 3x08 - I Secondi Figli HD.mkv,2026-08-20
Il Trono Di Spade,Serie TV,,3,S03E09,Il Trono Di Spade - 3x09 - Le Piogge di Castamere HD.mkv,Il Trono Di Spade,.mkv,,Memoria S,F:\SERIE TV\Il Trono Di Spade\Il Trono Di Spade - 3x09 - Le Piogge di Castamere HD.mkv,2026-08-20
Il Trono Di Spade,Serie TV,,3,S03E10,Il Trono Di Spade - 3x10 - Mhysa HD.mkv,Il Trono Di Spade,.mkv,,Memoria S,F:\SERIE TV\Il Trono Di Spade\Il Trono Di Spade - 3x10 - Mhysa HD.mkv,2026-08-20
Il Trono Di Spade,Serie TV,,4,S04E01,Il Trono Di Spade - 4x01 - Le Due Spade HD.mkv,Il Trono Di Spade,.mkv,,Memoria S,F:\SERIE TV\Il Trono Di Spade\Il Trono Di Spade - 4x01 - Le Due Spade HD.mkv,2026-08-20
Il Trono Di Spade,Serie TV,,4,S04E02,Il Trono Di Spade - 4x02 - Il Leone e la Rosa HD.mkv,Il Trono Di Spade,.mkv,,Memoria S,F:\SERIE TV\Il Trono Di Spade\Il Trono Di Spade - 4x02 - Il Leone e la Rosa HD.mkv,2026-08-20
Il Trono Di Spade,Serie TV,,4,S04E03,Il Trono Di Spade - 4x03 - La Fuga HD.mkv,Il Trono Di Spade,.mkv,,Memoria S,F:\SERIE TV\Il Trono Di Spade\Il Trono Di Spade - 4x03 - La Fuga HD.mkv,2026-08-20
Il Trono Di Spade,Serie TV,,4,S04E04,Il Trono Di Spade - 4x04 - In Cerca Di Un Colpevole HD.mkv,Il Trono Di Spade,.mkv,,Memoria S,F:\SERIE TV\Il Trono Di Spade\Il Trono Di Spade - 4x04 - In Cerca Di Un Colpevole HD.mkv,2026-08-20
Il Trono Di Spade,Serie TV,,4,S04E05,Il Trono Di Spade - 4x05 - L'Ultima Notte Dei Ribelli HD.mkv,Il Trono Di Spade,.mkv,,Memoria S,F:\SERIE TV\Il Trono Di Spade\Il Trono Di Spade - 4x05 - L'Ultima Notte Dei Ribelli HD.mkv,2026-08-20
Il Trono Di Spade,Serie TV,,4,S04E06,Il Trono Di Spade - 4x06 - Le Leggi Degli Dei e Degli Uomini HD.mkv,Il Trono Di Spade,.mkv,,Memoria S,F:\SERIE TV\Il Trono Di Spade\Il Trono Di Spade - 4x06 - Le Leggi Degli Dei e Degli Uomini HD.mkv,2026-08-20
Il Trono Di Spade,Serie TV,,4,S04E07,Il Trono Di Spade - 4x07 - Il Campione HD.mkv,Il Trono Di Spade,.mkv,,Memoria S,F:\SERIE TV\Il Trono Di Spade\Il Trono Di Spade - 4x07 - Il Campione HD.mkv,2026-08-20
Il Trono Di Spade,Serie TV,,4,S04E08,Il Trono Di Spade - 4x08 - La Vipera e la Montagna HD.mkv,Il Trono Di Spade,.mkv,,Memoria S,F:\SERIE TV\Il Trono Di Spade\Il Trono Di Spade - 4x08 - La Vipera e la Montagna HD.mkv,2026-08-20
Il Trono Di Spade,Serie TV,,4,S04E09,Il Trono Di Spade - 4x09 - Il Coraggio Di Pochi HD.mkv,Il Trono Di Spade,.mkv,,Memoria S,F:\SERIE TV\Il Trono Di Spade\Il Trono Di Spade - 4x09 - Il Coraggio Di Pochi HD.mkv,2026-08-20
Il Trono Di Spade,Serie TV,,4,S04E10,Il Trono Di Spade - 4x10 - I Figli Della Foresta HD.mkv,Il Trono Di Spade,.mkv,,Memoria S,F:\SERIE TV\Il Trono Di Spade\Il Trono Di Spade - 4x10 - I Figli Della Foresta HD.mkv,2026-08-20
Il Trono Di Spade,Serie TV,,5,S05E01,Il Trono Di Spade - 5x01 - Guerre Imminenti HD.mkv,Il Trono Di Spade,.mkv,,Memoria S,F:\SERIE TV\Il Trono Di Spade\Il Trono Di Spade - 5x01 - Guerre Imminenti HD.mkv,2026-08-20
Il Trono Di Spade,Serie TV,,5,S05E02,Il Trono Di Spade - 5x02 - Il Nuovo Comandante HD.mkv,Il Trono Di Spade,.mkv,,Memoria S,F:\SERIE TV\Il Trono Di Spade\Il Trono Di Spade - 5x02 - Il Nuovo Comandante HD.mkv,2026-08-20
Il Trono Di Spade,Serie TV,,5,S05E03,Il Trono Di Spade - 5x03 - L'Alto Passero HD.mkv,Il Trono Di Spade,.mkv,,Memoria S,F:\SERIE TV\Il Trono Di Spade\Il Trono Di Spade - 5x03 - L'Alto Passero HD.mkv,2026-08-20
Il Trono Di Spade,Serie TV,,5,S05E04,Il Trono Di Spade - 5x04 - I Figli Dell'Arpia HD.mkv,Il Trono Di Spade,.mkv,,Memoria S,F:\SERIE TV\Il Trono Di Spade\Il Trono Di Spade - 5x04 - I Figli Dell'Arpia HD.mkv,2026-08-20
Il Trono Di Spade,Serie TV,,5,S05E05,Il Trono Di Spade - 5x05 - Uccidi Il Ragazzo HD.mkv,Il Trono Di Spade,.mkv,,Memoria S,F:\SERIE TV\Il Trono Di Spade\Il Trono Di Spade - 5x05 - Uccidi Il Ragazzo HD.mkv,2026-08-20
Il Trono Di Spade,Serie TV,,5,S05E06,Il Trono Di Spade - 5x06 - Le Serpi Delle Sabbie HD.mkv,Il Trono Di Spade,.mkv,,Memoria S,F:\SERIE TV\Il Trono Di Spade\Il Trono Di Spade - 5x06 - Le Serpi Delle Sabbie HD.mkv,2026-08-20
Il Trono Di Spade,Serie TV,,5,S05E07,Il Trono Di SPade - 5x07 - Il Dono HD.mkv,Il Trono Di Spade,.mkv,,Memoria S,F:\SERIE TV\Il Trono Di Spade\Il Trono Di SPade - 5x07 - Il Dono HD.mkv,2026-08-20
Il Trono Di Spade,Serie TV,,5,S05E08,Il Trono Di Spade - 5x08 - Aspra Dimora HD.mkv,Il Trono Di Spade,.mkv,,Memoria S,F:\SERIE TV\Il Trono Di Spade\Il Trono Di Spade - 5x08 - Aspra Dimora HD.mkv,2026-08-20
Il Trono Di Spade,Serie TV,,5,S05E09,Il Trono Di SPade - 5x09 - La Danza Dei Draghi HD.mkv,Il Trono Di Spade,.mkv,,Memoria S,F:\SERIE TV\Il Trono Di Spade\Il Trono Di SPade - 5x09 - La Danza Dei Draghi HD.mkv,2026-08-20
Il Trono Di Spade,Serie TV,,5,S05E10,Il Trono Di Spade - 5x10 - Madre Misericordiosa HD.mkv,Il Trono Di Spade,.mkv,,Memoria S,F:\SERIE TV\Il Trono Di Spade\Il Trono Di Spade - 5x10 - Madre Misericordiosa HD.mkv,2026-08-20
Il Trono Di Spade,Serie TV,,6,S06E01,Il Trono Di Spade - 6x01 - La Donna Rossa HD.mkv,Il Trono Di Spade,.mkv,,Memoria S,F:\SERIE TV\Il Trono Di Spade\Il Trono Di Spade - 6x01 - La Donna Rossa HD.mkv,2026-08-20
Il Trono Di Spade,Serie TV,,6,S06E02,Il Trono Di Spade - 6x02 - Uomini Di Ferro HD.mkv,Il Trono Di Spade,.mkv,,Memoria S,F:\SERIE TV\Il Trono Di Spade\Il Trono Di Spade - 6x02 - Uomini Di Ferro HD.mkv,2026-08-20
Il Trono Di Spade,Serie TV,,6,S06E03,Il Trono Di Spade - 6x03 - Giuramento Infranto HD.mkv,Il Trono Di Spade,.mkv,,Memoria S,F:\SERIE TV\Il Trono Di Spade\Il Trono Di Spade - 6x03 - Giuramento Infranto HD.mkv,2026-08-20
Il Trono Di Spade,Serie TV,,6,S06E04,Il Trono Di Spade - 6x04 - Il Libro Dello Straniero HD.mkv,Il Trono Di Spade,.mkv,,Memoria S,F:\SERIE TV\Il Trono Di Spade\Il Trono Di Spade - 6x04 - Il Libro Dello Straniero HD.mkv,2026-08-20
Il Trono Di Spade,Serie TV,,6,S06E05,Il Trono Di Spade - 6x05 - Il Tempo E' Giunto HD.mkv,Il Trono Di Spade,.mkv,,Memoria S,F:\SERIE TV\Il Trono Di Spade\Il Trono Di Spade - 6x05 - Il Tempo E' Giunto HD.mkv,2026-08-20
Il Trono Di Spade,Serie TV,,6,S06E06,Il Trono Di Spade - 6x06 - Sangue Del Mio Sangue HD.mkv,Il Trono Di Spade,.mkv,,Memoria S,F:\SERIE TV\Il Trono Di Spade\Il Trono Di Spade - 6x06 - Sangue Del Mio Sangue HD.mkv,2026-08-20
Il Trono Di Spade,Serie TV,,6,S06E07,Il Trono Di Spade - 6x07 - Alleanze HD.mkv,Il Trono Di Spade,.mkv,,Memoria S,F:\SERIE TV\Il Trono Di Spade\Il Trono Di Spade - 6x07 - Alleanze HD.mkv,2026-08-20
Il Trono Di Spade,Serie TV,,6,S06E08,Il Trono Di Spade - 6x08 - Nessuno HD.mkv,Il Trono Di Spade,.mkv,,Memoria S,F:\SERIE TV\Il Trono Di Spade\Il Trono Di Spade - 6x08 - Nessuno HD.mkv,2026-08-20
Il Trono Di Spade,Serie TV,,6,S06E09,Il Trono Di Spade - 6x09 - La Battaglia Dei Bastardi HD.mkv,Il Trono Di Spade,.mkv,,Memoria S,F:\SERIE TV\Il Trono Di Spade\Il Trono Di Spade - 6x09 - La Battaglia Dei Bastardi HD.mkv,2026-08-20
Il Trono Di Spade,Serie TV,,6,S06E10,Il Trono Di Spade - 6x10 - I Venti Dell'Inverno HD.mkv,Il Trono Di Spade,.mkv,,Memoria S,F:\SERIE TV\Il Trono Di Spade\Il Trono Di Spade - 6x10 - I Venti Dell'Inverno HD.mkv,2026-08-20
Il Trono Di Spade,Serie TV,,7,S07E01,Il Trono Di Spade - 7x01 - Roccia Del Drago HD.mkv,Il Trono Di Spade,.mkv,,Memoria S,F:\SERIE TV\Il Trono Di Spade\Il Trono Di Spade - 7x01 - Roccia Del Drago HD.mkv,2026-08-20
Il Trono Di Spade,Serie TV,,7,S07E02,Il Trono Di Spade - 7x02 - Nata Dalla Tempesta HD.mkv,Il Trono Di Spade,.mkv,,Memoria S,F:\SERIE TV\Il Trono Di Spade\Il Trono Di Spade - 7x02 - Nata Dalla Tempesta HD.mkv,2026-08-20
Il Trono Di Spade,Serie TV,,7,S07E03,Il Trono Di Spade - 7x03 - La Giustizia Della Regina HD.mkv,Il Trono Di Spade,.mkv,,Memoria S,F:\SERIE TV\Il Trono Di Spade\Il Trono Di Spade - 7x03 - La Giustizia Della Regina HD.mkv,2026-08-20
Il Trono Di Spade,Serie TV,,7,S07E04,Il Trono Di Spade - 7x04 - Spoglie Di Guerra HD.mkv,Il Trono Di Spade,.mkv,,Memoria S,F:\SERIE TV\Il Trono Di Spade\Il Trono Di Spade - 7x04 - Spoglie Di Guerra HD.mkv,2026-08-20
Il Trono Di Spade,Serie TV,,7,S07E05,Il Trono Di Spade - 7x05 - Forte Orientale HD.mkv,Il Trono Di Spade,.mkv,,Memoria S,F:\SERIE TV\Il Trono Di Spade\Il Trono Di Spade - 7x05 - Forte Orientale HD.mkv,2026-08-20
Il Trono Di Spade,Serie TV,,7,S07E06,Il Trono Di Spade - 7x06 - Oltre La Barriera HD.mkv,Il Trono Di Spade,.mkv,,Memoria S,F:\SERIE TV\Il Trono Di Spade\Il Trono Di Spade - 7x06 - Oltre La Barriera HD.mkv,2026-08-20
Il Trono Di Spade,Serie TV,,7,S07E07,Il Trono Di Spade - 7x07 - Il Drago E Il Lupo HD.mkv,Il Trono Di Spade,.mkv,,Memoria S,F:\SERIE TV\Il Trono Di Spade\Il Trono Di Spade - 7x07 - Il Drago E Il Lupo HD.mkv,2026-08-20
Il Trono Di Spade,Serie TV,,8,S08E01,Il Trono Di Spade - 8x01 - Grande Inverno HD.mkv,Il Trono Di Spade (8),.mkv,,Memoria 3,F:\Serie TV (Temporanea)\Il Trono Di Spade (8)\Il Trono Di Spade - 8x01 - Grande Inverno HD.mkv,2026-08-20
Il Trono Di Spade,Serie TV,,8,S08E02,Il Trono Di Spade - 8x02 - Cavaliere Dei Sette Regni HD.mkv,Il Trono Di Spade (8),.mkv,,Memoria 3,F:\Serie TV (Temporanea)\Il Trono Di Spade (8)\Il Trono Di Spade - 8x02 - Cavaliere Dei Sette Regni HD.mkv,2026-08-20
Il Trono Di Spade,Serie TV,,8,S08E03,Il Trono Di Spade - 8x03 - La Lunga Notte HD.mkv,Il Trono Di Spade (8),.mkv,,Memoria 3,F:\Serie TV (Temporanea)\Il Trono Di Spade (8)\Il Trono Di Spade - 8x03 - La Lunga Notte HD.mkv,2026-08-20
Il Trono Di Spade,Serie TV,,8,S08E04,Il Trono Di Spade - 8x04 - L'Ultimo Degli Stark HD.mkv,Il Trono Di Spade (8),.mkv,,Memoria 3,F:\Serie TV (Temporanea)\Il Trono Di Spade (8)\Il Trono Di Spade - 8x04 - L'Ultimo Degli Stark HD.mkv,2026-08-20
Il Trono Di Spade,Serie TV,,8,S08E05,Il Trono Di Spade - 8x05 - Le Campane HD.mkv,Il Trono Di Spade (8),.mkv,,Memoria 3,F:\Serie TV (Temporanea)\Il Trono Di Spade (8)\Il Trono Di Spade - 8x05 - Le Campane HD.mkv,2026-08-20
Il Trono Di Spade,Serie TV,,8,S08E06,Il Trono Di Spade - 8x06 - Il Trono Di Spade HD.mkv,Il Trono Di Spade (8),.mkv,,Memoria 3,F:\Serie TV (Temporanea)\Il Trono Di Spade (8)\Il Trono Di Spade - 8x06 - Il Trono Di Spade HD.mkv,2026-08-20
Mr. Robot,Serie TV,,1,S01E01,Mr. Robot - 1x01 - Ciao Amico HD.mkv,Mr. Robot (1),.mkv,,Memoria 3,F:\Serie TV (Temporanea)\Mr. Robot (1)\Mr. Robot - 1x01 - Ciao Amico HD.mkv,2026-08-20
Mr. Robot,Serie TV,,1,S01E02,Mr. Robot - 1x02 - Uno E Zero HD.mkv,Mr. Robot (1),.mkv,,Memoria 3,F:\Serie TV (Temporanea)\Mr. Robot (1)\Mr. Robot - 1x02 - Uno E Zero HD.mkv,2026-08-20
Mr. Robot,Serie TV,,1,S01E03,Mr. Robot - 1x03 - Bug HD.mkv,Mr. Robot (1),.mkv,,Memoria 3,F:\Serie TV (Temporanea)\Mr. Robot (1)\Mr. Robot - 1x03 - Bug HD.mkv,2026-08-20
Mr. Robot,Serie TV,,1,S01E04,Mr. Robot - 1x04 - Il Demone HD.mkv,Mr. Robot (1),.mkv,,Memoria 3,F:\Serie TV (Temporanea)\Mr. Robot (1)\Mr. Robot - 1x04 - Il Demone HD.mkv,2026-08-20
Mr. Robot,Serie TV,,1,S01E05,Mr. Robot - 1x05 - La Missione HD.mkv,Mr. Robot (1),.mkv,,Memoria 3,F:\Serie TV (Temporanea)\Mr. Robot (1)\Mr. Robot - 1x05 - La Missione HD.mkv,2026-08-20
Mr. Robot,Serie TV,,1,S01E06,Mr. Robot - 1x06 - Il Viandante HD.mkv,Mr. Robot (1),.mkv,,Memoria 3,F:\Serie TV (Temporanea)\Mr. Robot (1)\Mr. Robot - 1x06 - Il Viandante HD.mkv,2026-08-20
Mr. Robot,Serie TV,,1,S01E07,Mr. Robot - 1x07 - Una Via D'Uscita HD.mkv,Mr. Robot (1),.mkv,,Memoria 3,F:\Serie TV (Temporanea)\Mr. Robot (1)\Mr. Robot - 1x07 - Una Via D'Uscita HD.mkv,2026-08-20
Mr. Robot,Serie TV,,1,S01E08,Mr. Robot - 1x08 - La Rosa Bianca HD.mkv,Mr. Robot (1),.mkv,,Memoria 3,F:\Serie TV (Temporanea)\Mr. Robot (1)\Mr. Robot - 1x08 - La Rosa Bianca HD.mkv,2026-08-20
Mr. Robot,Serie TV,,1,S01E09,Mr. Robot - 1x09 - Lo Specchio HD.mkv,Mr. Robot (1),.mkv,,Memoria 3,F:\Serie TV (Temporanea)\Mr. Robot (1)\Mr. Robot - 1x09 - Lo Specchio HD.mkv,2026-08-20
Mr. Robot,Serie TV,,1,S01E10,Mr. Robot - 1x10 - Il Giorno HD.mkv,Mr. Robot (1),.mkv,,Memoria 3,F:\Serie TV (Temporanea)\Mr. Robot (1)\Mr. Robot - 1x10 - Il Giorno HD.mkv,2026-08-20
Narcos,Serie TV,,1,S01E01,Narcos - 1x01 - Discesa HD.mkv,Narcos,.mkv,,Memoria S,F:\SERIE TV\Narcos\Narcos - 1x01 - Discesa HD.mkv,2026-08-20
Narcos,Serie TV,,1,S01E02,Narcos - 1x02 - La Spada Di Simon Bolivar HD.mkv,Narcos,.mkv,,Memoria S,F:\SERIE TV\Narcos\Narcos - 1x02 - La Spada Di Simon Bolivar HD.mkv,2026-08-20
Narcos,Serie TV,,1,S01E03,Narcos - 1x03 - Gli Uomini Di Sempre HD.mkv,Narcos,.mkv,,Memoria S,F:\SERIE TV\Narcos\Narcos - 1x03 - Gli Uomini Di Sempre HD.mkv,2026-08-20
Narcos,Serie TV,,1,S01E04,Narcos - 1x04 - Il Palazzo In Fiamme HD.mkv,Narcos,.mkv,,Memoria S,F:\SERIE TV\Narcos\Narcos - 1x04 - Il Palazzo In Fiamme HD.mkv,2026-08-20
Narcos,Serie TV,,1,S01E05,Narcos - 1x05 - Ci Sarà Un Futuro HD.mkv,Narcos,.mkv,,Memoria S,F:\SERIE TV\Narcos\Narcos - 1x05 - Ci Sarà Un Futuro HD.mkv,2026-08-20
Narcos,Serie TV,,1,S01E06,Narcos - 1x06 - Esplosivi HD.mkv,Narcos,.mkv,,Memoria S,F:\SERIE TV\Narcos\Narcos - 1x06 - Esplosivi HD.mkv,2026-08-20
Narcos,Serie TV,,1,S01E07,Narcos - 1x07 - Piangerai Lacrime Di Sangue HD.mkv,Narcos,.mkv,,Memoria S,F:\SERIE TV\Narcos\Narcos - 1x07 - Piangerai Lacrime Di Sangue HD.mkv,2026-08-20
Narcos,Serie TV,,1,S01E08,Narcos - 1x08 - La Grande Menzogna HD.mkv,Narcos,.mkv,,Memoria S,F:\SERIE TV\Narcos\Narcos - 1x08 - La Grande Menzogna HD.mkv,2026-08-20
Narcos,Serie TV,,1,S01E09,Narcos - 1x09 - La Catedral HD.mkv,Narcos,.mkv,,Memoria S,F:\SERIE TV\Narcos\Narcos - 1x09 - La Catedral HD.mkv,2026-08-20
Narcos,Serie TV,,1,S01E10,Narcos - 1x10 - Decollo HD.mkv,Narcos,.mkv,,Memoria S,F:\SERIE TV\Narcos\Narcos - 1x10 - Decollo HD.mkv,2026-08-20
Picnic At Hanging Rock,Serie TV,,1,S01E01,Picnic At Hanging Rock - 1x01 HD.mkv,Picnic At Hanging Rock (1),.mkv,,Memoria 3,F:\Serie TV (Temporanea)\Picnic At Hanging Rock (1)\Picnic At Hanging Rock - 1x01 HD.mkv,2026-08-20
Picnic At Hanging Rock,Serie TV,,1,S01E02,Picnic At Hanging Rock - 1x02 HD.mkv,Picnic At Hanging Rock (1),.mkv,,Memoria 3,F:\Serie TV (Temporanea)\Picnic At Hanging Rock (1)\Picnic At Hanging Rock - 1x02 HD.mkv,2026-08-20
Picnic At Hanging Rock,Serie TV,,1,S01E03,Picnic At Hanging Rock - 1x03 HD.mkv,Picnic At Hanging Rock (1),.mkv,,Memoria 3,F:\Serie TV (Temporanea)\Picnic At Hanging Rock (1)\Picnic At Hanging Rock - 1x03 HD.mkv,2026-08-20
Picnic At Hanging Rock,Serie TV,,1,S01E04,Picnic At Hanging Rock - 1x04 HD.mkv,Picnic At Hanging Rock (1),.mkv,,Memoria 3,F:\Serie TV (Temporanea)\Picnic At Hanging Rock (1)\Picnic At Hanging Rock - 1x04 HD.mkv,2026-08-20
Picnic At Hanging Rock,Serie TV,,1,S01E05,Picnic At Hanging Rock - 1x05 HD.mkv,Picnic At Hanging Rock (1),.mkv,,Memoria 3,F:\Serie TV (Temporanea)\Picnic At Hanging Rock (1)\Picnic At Hanging Rock - 1x05 HD.mkv,2026-08-20
Picnic At Hanging Rock,Serie TV,,1,S01E06,Picnic At Hanging Rock - 1x06 HD.mkv,Picnic At Hanging Rock (1),.mkv,,Memoria 3,F:\Serie TV (Temporanea)\Picnic At Hanging Rock (1)\Picnic At Hanging Rock - 1x06 HD.mkv,2026-08-20
Romanzo Criminale,Serie TV,,1,S01E01,Romanzo Criminale 1x01 HD.mkv,Romanzo Criminale,.mkv,,Memoria S,F:\SERIE TV\Romanzo Criminale\Romanzo Criminale 1x01 HD.mkv,2026-08-20
Romanzo Criminale,Serie TV,,1,S01E02,Romanzo Criminale 1x02 HD.mkv,Romanzo Criminale,.mkv,,Memoria S,F:\SERIE TV\Romanzo Criminale\Romanzo Criminale 1x02 HD.mkv,2026-08-20
Romanzo Criminale,Serie TV,,1,S01E03,Romanzo Criminale 1x03 HD.mkv,Romanzo Criminale,.mkv,,Memoria S,F:\SERIE TV\Romanzo Criminale\Romanzo Criminale 1x03 HD.mkv,2026-08-20
Romanzo Criminale,Serie TV,,1,S01E04,Romanzo Criminale 1x04 HD.mkv,Romanzo Criminale,.mkv,,Memoria S,F:\SERIE TV\Romanzo Criminale\Romanzo Criminale 1x04 HD.mkv,2026-08-20
Romanzo Criminale,Serie TV,,1,S01E05,Romanzo Criminale 1x05 HD.mkv,Romanzo Criminale,.mkv,,Memoria S,F:\SERIE TV\Romanzo Criminale\Romanzo Criminale 1x05 HD.mkv,2026-08-20
Romanzo Criminale,Serie TV,,1,S01E06,Romanzo Criminale 1x06 HD.mkv,Romanzo Criminale,.mkv,,Memoria S,F:\SERIE TV\Romanzo Criminale\Romanzo Criminale 1x06 HD.mkv,2026-08-20
Romanzo Criminale,Serie TV,,1,S01E07,Romanzo Criminale 1x07 HD.mkv,Romanzo Criminale,.mkv,,Memoria S,F:\SERIE TV\Romanzo Criminale\Romanzo Criminale 1x07 HD.mkv,2026-08-20
Romanzo Criminale,Serie TV,,1,S01E08,Romanzo Criminale 1x08 HD.mkv,Romanzo Criminale,.mkv,,Memoria S,F:\SERIE TV\Romanzo Criminale\Romanzo Criminale 1x08 HD.mkv,2026-08-20
Romanzo Criminale,Serie TV,,1,S01E09,Romanzo Criminale 1x09 HD.mkv,Romanzo Criminale,.mkv,,Memoria S,F:\SERIE TV\Romanzo Criminale\Romanzo Criminale 1x09 HD.mkv,2026-08-20
Romanzo Criminale,Serie TV,,1,S01E10,Romanzo Criminale 1x10 HD.mkv,Romanzo Criminale,.mkv,,Memoria S,F:\SERIE TV\Romanzo Criminale\Romanzo Criminale 1x10 HD.mkv,2026-08-20
Romanzo Criminale,Serie TV,,1,S01E11,Romanzo Criminale 1x11 HD.mkv,Romanzo Criminale,.mkv,,Memoria S,F:\SERIE TV\Romanzo Criminale\Romanzo Criminale 1x11 HD.mkv,2026-08-20
Romanzo Criminale,Serie TV,,1,S01E12,Romanzo Criminale 1x12 HD.mkv,Romanzo Criminale,.mkv,,Memoria S,F:\SERIE TV\Romanzo Criminale\Romanzo Criminale 1x12 HD.mkv,2026-08-20
Romanzo Criminale,Serie TV,,2,S02E01,Romanzo Criminale 2x01 HD.mkv,Romanzo Criminale,.mkv,,Memoria S,F:\SERIE TV\Romanzo Criminale\Romanzo Criminale 2x01 HD.mkv,2026-08-20
Romanzo Criminale,Serie TV,,2,S02E02,Romanzo Criminale 2x02 HD.mkv,Romanzo Criminale,.mkv,,Memoria S,F:\SERIE TV\Romanzo Criminale\Romanzo Criminale 2x02 HD.mkv,2026-08-20
Romanzo Criminale,Serie TV,,2,S02E03,Romanzo Criminale 2x03 HD.mkv,Romanzo Criminale,.mkv,,Memoria S,F:\SERIE TV\Romanzo Criminale\Romanzo Criminale 2x03 HD.mkv,2026-08-20
Romanzo Criminale,Serie TV,,2,S02E04,Romanzo Criminale 2x04 HD.mkv,Romanzo Criminale,.mkv,,Memoria S,F:\SERIE TV\Romanzo Criminale\Romanzo Criminale 2x04 HD.mkv,2026-08-20
Romanzo Criminale,Serie TV,,2,S02E05,Romanzo Criminale 2x05 HD.mkv,Romanzo Criminale,.mkv,,Memoria S,F:\SERIE TV\Romanzo Criminale\Romanzo Criminale 2x05 HD.mkv,2026-08-20
Romanzo Criminale,Serie TV,,2,S02E06,Romanzo Criminale 2x06 HD.mkv,Romanzo Criminale,.mkv,,Memoria S,F:\SERIE TV\Romanzo Criminale\Romanzo Criminale 2x06 HD.mkv,2026-08-20
Romanzo Criminale,Serie TV,,2,S02E07,Romanzo Criminale 2x07 HD.mkv,Romanzo Criminale,.mkv,,Memoria S,F:\SERIE TV\Romanzo Criminale\Romanzo Criminale 2x07 HD.mkv,2026-08-20
Romanzo Criminale,Serie TV,,2,S02E08,Romanzo Criminale 2x08 HD.mkv,Romanzo Criminale,.mkv,,Memoria S,F:\SERIE TV\Romanzo Criminale\Romanzo Criminale 2x08 HD.mkv,2026-08-20
Romanzo Criminale,Serie TV,,2,S02E09,Romanzo Criminale 2x09 HD.mkv,Romanzo Criminale,.mkv,,Memoria S,F:\SERIE TV\Romanzo Criminale\Romanzo Criminale 2x09 HD.mkv,2026-08-20
Romanzo Criminale,Serie TV,,2,S02E10,Romanzo Criminale 2x10 HD.mkv,Romanzo Criminale,.mkv,,Memoria S,F:\SERIE TV\Romanzo Criminale\Romanzo Criminale 2x10 HD.mkv,2026-08-20
Shannara,Serie TV,,1,S01E01,Shannara - 1x01 HD.mkv,Shannara - I Stagione HD,.mkv,,Memoria S,F:\SERIE TV\Shannara - I Stagione HD\Shannara - 1x01 HD.mkv,2026-08-20
Shannara,Serie TV,,1,S01E02,Shannara - 1x02 HD.mkv,Shannara - I Stagione HD,.mkv,,Memoria S,F:\SERIE TV\Shannara - I Stagione HD\Shannara - 1x02 HD.mkv,2026-08-20
Shannara,Serie TV,,1,S01E03,Shannara - 1x03 HD.mkv,Shannara - I Stagione HD,.mkv,,Memoria S,F:\SERIE TV\Shannara - I Stagione HD\Shannara - 1x03 HD.mkv,2026-08-20
Shannara,Serie TV,,1,S01E04,Shannara - 1x04 HD.mkv,Shannara - I Stagione HD,.mkv,,Memoria S,F:\SERIE TV\Shannara - I Stagione HD\Shannara - 1x04 HD.mkv,2026-08-20
Shannara,Serie TV,,1,S01E05,Shannara - 1x05 HD.mkv,Shannara - I Stagione HD,.mkv,,Memoria S,F:\SERIE TV\Shannara - I Stagione HD\Shannara - 1x05 HD.mkv,2026-08-20
Shannara,Serie TV,,1,S01E06,Shannara - 1x06 HD.mkv,Shannara - I Stagione HD,.mkv,,Memoria S,F:\SERIE TV\Shannara - I Stagione HD\Shannara - 1x06 HD.mkv,2026-08-20
Shannara,Serie TV,,1,S01E07,Shannara - 1x07 HD.mkv,Shannara - I Stagione HD,.mkv,,Memoria S,F:\SERIE TV\Shannara - I Stagione HD\Shannara - 1x07 HD.mkv,2026-08-20
Shannara,Serie TV,,1,S01E08,Shannara - 1x08 HD.mkv,Shannara - I Stagione HD,.mkv,,Memoria S,F:\SERIE TV\Shannara - I Stagione HD\Shannara - 1x08 HD.mkv,2026-08-20
Shannara,Serie TV,,1,S01E09,Shannara - 1x09 HD.mkv,Shannara - I Stagione HD,.mkv,,Memoria S,F:\SERIE TV\Shannara - I Stagione HD\Shannara - 1x09 HD.mkv,2026-08-20
Shannara,Serie TV,,1,S01E10,Shannara - 1x10 HD.mkv,Shannara - I Stagione HD,.mkv,,Memoria S,F:\SERIE TV\Shannara - I Stagione HD\Shannara - 1x10 HD.mkv,2026-08-20
Spartacus,Serie TV,,1,S01E01,Ep 01 - Red Serpent - Il Serpente Rosso.mkv,Spartacus\Spartacus Blood And Sand,.mkv,,Memoria S,F:\SERIE TV\Spartacus\Spartacus Blood And Sand\Ep 01 - Red Serpent - Il Serpente Rosso.mkv,2026-08-20
Spartacus,Serie TV,,1,S01E02,Ep 02 - Sacramentum Gladiatorum - Il Giuramento Dei Gladiatori.mkv,Spartacus\Spartacus Blood And Sand,.mkv,,Memoria S,F:\SERIE TV\Spartacus\Spartacus Blood And Sand\Ep 02 - Sacramentum Gladiatorum - Il Giuramento Dei Gladiatori.mkv,2026-08-20
Spartacus,Serie TV,,1,S01E03,Ep 03 - Legends - I Vulcanalia.mkv,Spartacus\Spartacus Blood And Sand,.mkv,,Memoria S,F:\SERIE TV\Spartacus\Spartacus Blood And Sand\Ep 03 - Legends - I Vulcanalia.mkv,2026-08-20
Spartacus,Serie TV,,1,S01E04,Ep 04 - The Thing In The Pit - Le Fosse Dell'Ade.mkv,Spartacus\Spartacus Blood And Sand,.mkv,,Memoria S,F:\SERIE TV\Spartacus\Spartacus Blood And Sand\Ep 04 - The Thing In The Pit - Le Fosse Dell'Ade.mkv,2026-08-20
Spartacus,Serie TV,,1,S01E05,Ep 05 - Shadow Games - Scontro All'Ultimo Sangue.mkv,Spartacus\Spartacus Blood And Sand,.mkv,,Memoria S,F:\SERIE TV\Spartacus\Spartacus Blood And Sand\Ep 05 - Shadow Games - Scontro All'Ultimo Sangue.mkv,2026-08-20
Spartacus,Serie TV,,1,S01E06,Ep 06 - Delicate Things - Oscure Trame.mkv,Spartacus\Spartacus Blood And Sand,.mkv,,Memoria S,F:\SERIE TV\Spartacus\Spartacus Blood And Sand\Ep 06 - Delicate Things - Oscure Trame.mkv,2026-08-20
Spartacus,Serie TV,,1,S01E07,Ep 07 - Great and Unfortunate Things - Io Sono Spartacus.mkv,Spartacus\Spartacus Blood And Sand,.mkv,,Memoria S,F:\SERIE TV\Spartacus\Spartacus Blood And Sand\Ep 07 - Great and Unfortunate Things - Io Sono Spartacus.mkv,2026-08-20
Spartacus,Serie TV,,1,S01E08,Ep 08 - Mark of the Brotherhood - Il Marchio Della Confraternita.mkv,Spartacus\Spartacus Blood And Sand,.mkv,,Memoria S,F:\SERIE TV\Spartacus\Spartacus Blood And Sand\Ep 08 - Mark of the Brotherhood - Il Marchio Della Confraternita.mkv,2026-08-20
Spartacus,Serie TV,,1,S01E09,Ep 09 - Whore - La Maschera Di Diana.mkv,Spartacus\Spartacus Blood And Sand,.mkv,,Memoria S,F:\SERIE TV\Spartacus\Spartacus Blood And Sand\Ep 09 - Whore - La Maschera Di Diana.mkv,2026-08-20
Spartacus,Serie TV,,1,S01E10,Ep 10 - Party Favors - Scambio Di Favori.mkv,Spartacus\Spartacus Blood And Sand,.mkv,,Memoria S,F:\SERIE TV\Spartacus\Spartacus Blood And Sand\Ep 10 - Party Favors - Scambio Di Favori.mkv,2026-08-20
Spartacus,Serie TV,,1,S01E11,Ep 11 - Old Wounds - La Ferita.mkv,Spartacus\Spartacus Blood And Sand,.mkv,,Memoria S,F:\SERIE TV\Spartacus\Spartacus Blood And Sand\Ep 11 - Old Wounds - La Ferita.mkv,2026-08-20
Spartacus,Serie TV,,1,S01E12,Ep 12 - Revelations - Rivelazioni.mkv,Spartacus\Spartacus Blood And Sand,.mkv,,Memoria S,F:\SERIE TV\Spartacus\Spartacus Blood And Sand\Ep 12 - Revelations - Rivelazioni.mkv,2026-08-20
Spartacus,Serie TV,,1,S01E13,Ep 13 - Kill Them All - Uccidiamoli Tutti.mkv,Spartacus\Spartacus Blood And Sand,.mkv,,Memoria S,F:\SERIE TV\Spartacus\Spartacus Blood And Sand\Ep 13 - Kill Them All - Uccidiamoli Tutti.mkv,2026-08-20
Spartacus,Serie TV,,2,S02E01,Ep 01 - Fugitivus - In Fuga.mkv,Spartacus\Spartacus Vengeance,.mkv,,Memoria S,F:\SERIE TV\Spartacus\Spartacus Vengeance\Ep 01 - Fugitivus - In Fuga.mkv,2026-08-20
Spartacus,Serie TV,,2,S02E02,Ep 02 - A Place in This World - Sacrificio Agli Dei.mkv,Spartacus\Spartacus Vengeance,.mkv,,Memoria S,F:\SERIE TV\Spartacus\Spartacus Vengeance\Ep 02 - A Place in This World - Sacrificio Agli Dei.mkv,2026-08-20
Spartacus,Serie TV,,2,S02E03,Ep 03 - The Greater Good - Il Bene Più Alto.mkv,Spartacus\Spartacus Vengeance,.mkv,,Memoria S,F:\SERIE TV\Spartacus\Spartacus Vengeance\Ep 03 - The Greater Good - Il Bene Più Alto.mkv,2026-08-20
Spartacus,Serie TV,,2,S02E04,Ep 04 - Empty Hands - A Mani Vuote.mkv,Spartacus\Spartacus Vengeance,.mkv,,Memoria S,F:\SERIE TV\Spartacus\Spartacus Vengeance\Ep 04 - Empty Hands - A Mani Vuote.mkv,2026-08-20
Spartacus,Serie TV,,2,S02E05,Ep 05 - Libertus.mkv,Spartacus\Spartacus Vengeance,.mkv,,Memoria S,F:\SERIE TV\Spartacus\Spartacus Vengeance\Ep 05 - Libertus.mkv,2026-08-20
Spartacus,Serie TV,,2,S02E06,Ep 06 - Chosen Path - Libertà Di Scelta.mkv,Spartacus\Spartacus Vengeance,.mkv,,Memoria S,F:\SERIE TV\Spartacus\Spartacus Vengeance\Ep 06 - Chosen Path - Libertà Di Scelta.mkv,2026-08-20
Spartacus,Serie TV,,2,S02E07,Ep 07 - Sacramentum - La Decisione.mkv,Spartacus\Spartacus Vengeance,.mkv,,Memoria S,F:\SERIE TV\Spartacus\Spartacus Vengeance\Ep 07 - Sacramentum - La Decisione.mkv,2026-08-20
Spartacus,Serie TV,,2,S02E08,Ep 08 - Balance - La Resa Dei Conti.mkv,Spartacus\Spartacus Vengeance,.mkv,,Memoria S,F:\SERIE TV\Spartacus\Spartacus Vengeance\Ep 08 - Balance - La Resa Dei Conti.mkv,2026-08-20
Spartacus,Serie TV,,2,S02E09,Ep 09 - Monsters - Mostri.mkv,Spartacus\Spartacus Vengeance,.mkv,,Memoria S,F:\SERIE TV\Spartacus\Spartacus Vengeance\Ep 09 - Monsters - Mostri.mkv,2026-08-20
Spartacus,Serie TV,,2,S02E10,Ep 10 - Wrath of the Gods - L'ira Degli Dei.mkv,Spartacus\Spartacus Vengeance,.mkv,,Memoria S,F:\SERIE TV\Spartacus\Spartacus Vengeance\Ep 10 - Wrath of the Gods - L'ira Degli Dei.mkv,2026-08-20
Spartacus,Serie TV,,3,S03E01,Ep 01 - Enemies of Rome - Nemici di Roma.mkv,Spartacus\Spartacus War Of The Damned,.mkv,,Memoria S,F:\SERIE TV\Spartacus\Spartacus War Of The Damned\Ep 01 - Enemies of Rome - Nemici di Roma.mkv,2026-08-20
Spartacus,Serie TV,,3,S03E02,Ep 02 - Wolves at the Gate - Lupi Alla Porta.mkv,Spartacus\Spartacus War Of The Damned,.mkv,,Memoria S,F:\SERIE TV\Spartacus\Spartacus War Of The Damned\Ep 02 - Wolves at the Gate - Lupi Alla Porta.mkv,2026-08-20
Spartacus,Serie TV,,3,S03E03,Ep 03 - Men of Honor - Uomini D'onore.mkv,Spartacus\Spartacus War Of The Damned,.mkv,,Memoria S,F:\SERIE TV\Spartacus\Spartacus War Of The Damned\Ep 03 - Men of Honor - Uomini D'onore.mkv,2026-08-20
Spartacus,Serie TV,,3,S03E04,Ep 04 -  Decimation - Decimazione.mkv,Spartacus\Spartacus War Of The Damned,.mkv,,Memoria S,F:\SERIE TV\Spartacus\Spartacus War Of The Damned\Ep 04 -  Decimation - Decimazione.mkv,2026-08-20
Spartacus,Serie TV,,3,S03E05,ep 05 - Blood Brothers - Fratelli Di Sangue.mkv,Spartacus\Spartacus War Of The Damned,.mkv,,Memoria S,F:\SERIE TV\Spartacus\Spartacus War Of The Damned\ep 05 - Blood Brothers - Fratelli Di Sangue.mkv,2026-08-20
Spartacus,Serie TV,,3,S03E06,ep 06 - Spoils of War - Bottino di Guerra.mkv,Spartacus\Spartacus War Of The Damned,.mkv,,Memoria S,F:\SERIE TV\Spartacus\Spartacus War Of The Damned\ep 06 - Spoils of War - Bottino di Guerra.mkv,2026-08-20
Spartacus,Serie TV,,3,S03E07,ep 07 - Mors Indecepta - Morte Ineluttabile.mkv,Spartacus\Spartacus War Of The Damned,.mkv,,Memoria S,F:\SERIE TV\Spartacus\Spartacus War Of The Damned\ep 07 - Mors Indecepta - Morte Ineluttabile.mkv,2026-08-20
Spartacus,Serie TV,,3,S03E08,Ep 08 - Separate Paths - Strade Diverse.mkv,Spartacus\Spartacus War Of The Damned,.mkv,,Memoria S,F:\SERIE TV\Spartacus\Spartacus War Of The Damned\Ep 08 - Separate Paths - Strade Diverse.mkv,2026-08-20
Spartacus,Serie TV,,3,S03E09,Ep 09 The Dead and the Dying  - Morti e Morituri.mkv,Spartacus\Spartacus War Of The Damned,.mkv,,Memoria S,F:\SERIE TV\Spartacus\Spartacus War Of The Damned\Ep 09 The Dead and the Dying  - Morti e Morituri.mkv,2026-08-20
Spartacus,Serie TV,,3,S03E10,Ep 10 - Victory - La Vittoria.mkv,Spartacus\Spartacus War Of The Damned,.mkv,,Memoria S,F:\SERIE TV\Spartacus\Spartacus War Of The Damned\Ep 10 - Victory - La Vittoria.mkv,2026-08-20
Spartacus,Serie TV,,0 (Prequel),S00E01,Ep 01 - Past Transgressions - Peccati Del Passato.mkv,Spartacus\Spartacus Gods Of The Arena,.mkv,,Memoria S,F:\SERIE TV\Spartacus\Spartacus Gods Of The Arena\Ep 01 - Past Transgressions - Peccati Del Passato.mkv,2026-08-20
Spartacus,Serie TV,,0 (Prequel),S00E02,Ep 02 - Missio - Graditi Ospiti.mkv,Spartacus\Spartacus Gods Of The Arena,.mkv,,Memoria S,F:\SERIE TV\Spartacus\Spartacus Gods Of The Arena\Ep 02 - Missio - Graditi Ospiti.mkv,2026-08-20
Spartacus,Serie TV,,0 (Prequel),S00E03,Ep 03 - Pater Familias.mkv,Spartacus\Spartacus Gods Of The Arena,.mkv,,Memoria S,F:\SERIE TV\Spartacus\Spartacus Gods Of The Arena\Ep 03 - Pater Familias.mkv,2026-08-20
Spartacus,Serie TV,,0 (Prequel),S00E04,Ep 04 - Beneath The Mask - Sotto La Maschera.mkv,Spartacus\Spartacus Gods Of The Arena,.mkv,,Memoria S,F:\SERIE TV\Spartacus\Spartacus Gods Of The Arena\Ep 04 - Beneath The Mask - Sotto La Maschera.mkv,2026-08-20
Spartacus,Serie TV,,0 (Prequel),S00E05,Ep 05 - Reckoning - La Resa Dei Conti.mkv,Spartacus\Spartacus Gods Of The Arena,.mkv,,Memoria S,F:\SERIE TV\Spartacus\Spartacus Gods Of The Arena\Ep 05 - Reckoning - La Resa Dei Conti.mkv,2026-08-20
Spartacus,Serie TV,,0 (Prequel),S00E06,Ep 06 - The Bitter End - Libertà Amara.mkv,Spartacus\Spartacus Gods Of The Arena,.mkv,,Memoria S,F:\SERIE TV\Spartacus\Spartacus Gods Of The Arena\Ep 06 - The Bitter End - Libertà Amara.mkv,2026-08-20
Stranger Things,Serie TV,,1,S01E01,Stranger Things - 1x01 - La Scomparsa Di Will Byers HD.mkv,Stranger Things (1),.mkv,,Memoria 3,F:\Serie TV (Temporanea)\Stranger Things (1)\Stranger Things - 1x01 - La Scomparsa Di Will Byers HD.mkv,2026-08-20
Stranger Things,Serie TV,,1,S01E02,Stranger Things - 1x02 - La Stramba Di Maple Street HD.mkv,Stranger Things (1),.mkv,,Memoria 3,F:\Serie TV (Temporanea)\Stranger Things (1)\Stranger Things - 1x02 - La Stramba Di Maple Street HD.mkv,2026-08-20
Stranger Things,Serie TV,,1,S01E03,Stranger Things - 1x03 - Luci Natalizie HD.mkv,Stranger Things (1),.mkv,,Memoria 3,F:\Serie TV (Temporanea)\Stranger Things (1)\Stranger Things - 1x03 - Luci Natalizie HD.mkv,2026-08-20
Stranger Things,Serie TV,,1,S01E04,Stranger Things - 1x04 - Il Corpo HD.mkv,Stranger Things (1),.mkv,,Memoria 3,F:\Serie TV (Temporanea)\Stranger Things (1)\Stranger Things - 1x04 - Il Corpo HD.mkv,2026-08-20
Stranger Things,Serie TV,,1,S01E05,Stranger Things - 1x05 - La Pulce E L'Acrobata HD.mkv,Stranger Things (1),.mkv,,Memoria 3,F:\Serie TV (Temporanea)\Stranger Things (1)\Stranger Things - 1x05 - La Pulce E L'Acrobata HD.mkv,2026-08-20
Stranger Things,Serie TV,,1,S01E06,Stranger Things - 1x06 - Il Mostro HD.mkv,Stranger Things (1),.mkv,,Memoria 3,F:\Serie TV (Temporanea)\Stranger Things (1)\Stranger Things - 1x06 - Il Mostro HD.mkv,2026-08-20
Stranger Things,Serie TV,,1,S01E07,Stranger Things - 1x07 - La Vasca Da Bagno HD.mkv,Stranger Things (1),.mkv,,Memoria 3,F:\Serie TV (Temporanea)\Stranger Things (1)\Stranger Things - 1x07 - La Vasca Da Bagno HD.mkv,2026-08-20
Stranger Things,Serie TV,,1,S01E08,Stranger Things - 1x08 - Il Sottosopra HD.mkv,Stranger Things (1),.mkv,,Memoria 3,F:\Serie TV (Temporanea)\Stranger Things (1)\Stranger Things - 1x08 - Il Sottosopra HD.mkv,2026-08-20
Suits,Serie TV,,7,S07E01,Suits - 7x01 - La Posta In Gioco HD.mkv,Suits (7),.mkv,,Memoria 3,F:\Serie TV (Temporanea)\Suits (7)\Suits - 7x01 - La Posta In Gioco HD.mkv,2026-08-20
Suits,Serie TV,,7,S07E02,Suits - 7x02 - La Statua HD.mkv,Suits (7),.mkv,,Memoria 3,F:\Serie TV (Temporanea)\Suits (7)\Suits - 7x02 - La Statua HD.mkv,2026-08-20
Suits,Serie TV,,7,S07E03,Suits - 7x03 - Incubo Di Fango HD.mkv,Suits (7),.mkv,,Memoria 3,F:\Serie TV (Temporanea)\Suits (7)\Suits - 7x03 - Incubo Di Fango HD.mkv,2026-08-20
Suits,Serie TV,,7,S07E04,Suits - 7x04 - Dividi E Conquusta HD.mkv,Suits (7),.mkv,,Memoria 3,F:\Serie TV (Temporanea)\Suits (7)\Suits - 7x04 - Dividi E Conquusta HD.mkv,2026-08-20
Suits,Serie TV,,7,S07E05,Suits - 7x05 - La Scelta Di Mike HD.mkv,Suits (7),.mkv,,Memoria 3,F:\Serie TV (Temporanea)\Suits (7)\Suits - 7x05 - La Scelta Di Mike HD.mkv,2026-08-20
Suits,Serie TV,,7,S07E06,Suits - 7x06 - I Nodi Vengono Al Pettine HD.mkv,Suits (7),.mkv,,Memoria 3,F:\Serie TV (Temporanea)\Suits (7)\Suits - 7x06 - I Nodi Vengono Al Pettine HD.mkv,2026-08-20
Suits,Serie TV,,7,S07E07,Suits - 7x07 - Completa Rivelazione HD.mkv,Suits (7),.mkv,,Memoria 3,F:\Serie TV (Temporanea)\Suits (7)\Suits - 7x07 - Completa Rivelazione HD.mkv,2026-08-20
Suits,Serie TV,,7,S07E08,Suits - 7x08 - 100 HD.mkv,Suits (7),.mkv,,Memoria 3,F:\Serie TV (Temporanea)\Suits (7)\Suits - 7x08 - 100 HD.mkv,2026-08-20
Suits,Serie TV,,7,S07E09,Suits - 7x09 - Vergogna HD.mkv,Suits (7),.mkv,,Memoria 3,F:\Serie TV (Temporanea)\Suits (7)\Suits - 7x09 - Vergogna HD.mkv,2026-08-20
Suits,Serie TV,,7,S07E10,Suits - 7x10 - Donne HD.mkv,Suits (7),.mkv,,Memoria 3,F:\Serie TV (Temporanea)\Suits (7)\Suits - 7x10 - Donne HD.mkv,2026-08-20
Suits,Serie TV,,7,S07E11,Suits - 7x11 - Dure Verità HD.mkv,Suits (7),.mkv,,Memoria 3,F:\Serie TV (Temporanea)\Suits (7)\Suits - 7x11 - Dure Verità HD.mkv,2026-08-20
Suits,Serie TV,,7,S07E12,Suits - 7x12 - Uomo Cattivo HD.mkv,Suits (7),.mkv,,Memoria 3,F:\Serie TV (Temporanea)\Suits (7)\Suits - 7x12 - Uomo Cattivo HD.mkv,2026-08-20
The 100,Serie TV,,3,S03E01,The 100 - 3x01 - Wanheda -  Prima Parte HD.mkv,The 100 (3),.mkv,,Memoria 3,F:\Serie TV (Temporanea)\The 100 (3)\The 100 - 3x01 - Wanheda -  Prima Parte HD.mkv,2026-08-20
The 100,Serie TV,,3,S03E02,The 100 - 3x02 - Wanheda - Seconda Parte HD.mkv,The 100 (3),.mkv,,Memoria 3,F:\Serie TV (Temporanea)\The 100 (3)\The 100 - 3x02 - Wanheda - Seconda Parte HD.mkv,2026-08-20
The 100,Serie TV,,3,S03E03,The 100 - 3x03 - O Voi Che Qui Entrate HD.mkv,The 100 (3),.mkv,,Memoria 3,F:\Serie TV (Temporanea)\The 100 (3)\The 100 - 3x03 - O Voi Che Qui Entrate HD.mkv,2026-08-20
The 100,Serie TV,,3,S03E04,The 100 - 3x04 - Diritto Al Trono HD.mkv,The 100 (3),.mkv,,Memoria 3,F:\Serie TV (Temporanea)\The 100 (3)\The 100 - 3x04 - Diritto Al Trono HD.mkv,2026-08-20
The 100,Serie TV,,3,S03E05,The 100 - 3x05 - Hakeldama HD.mkv,The 100 (3),.mkv,,Memoria 3,F:\Serie TV (Temporanea)\The 100 (3)\The 100 - 3x05 - Hakeldama HD.mkv,2026-08-20
The 100,Serie TV,,3,S03E06,The 100 - 3x06 - Raccolto Amaro HD.mkv,The 100 (3),.mkv,,Memoria 3,F:\Serie TV (Temporanea)\The 100 (3)\The 100 - 3x06 - Raccolto Amaro HD.mkv,2026-08-20
The 100,Serie TV,,3,S03E07,The 100 - 3x07 - Tredici HD.mkv,The 100 (3),.mkv,,Memoria 3,F:\Serie TV (Temporanea)\The 100 (3)\The 100 - 3x07 - Tredici HD.mkv,2026-08-20
The 100,Serie TV,,3,S03E08,The 100 - 3x08 - Termini E Condizioni HD.mkv,The 100 (3),.mkv,,Memoria 3,F:\Serie TV (Temporanea)\The 100 (3)\The 100 - 3x08 - Termini E Condizioni HD.mkv,2026-08-20
The 100,Serie TV,,3,S03E09,The 100 - 3x09 - Il Fuoco HD.mkv,The 100 (3),.mkv,,Memoria 3,F:\Serie TV (Temporanea)\The 100 (3)\The 100 - 3x09 - Il Fuoco HD.mkv,2026-08-20
The 100,Serie TV,,3,S03E10,The 100 - 3x10 - La Caduta HD.mkv,The 100 (3),.mkv,,Memoria 3,F:\Serie TV (Temporanea)\The 100 (3)\The 100 - 3x10 - La Caduta HD.mkv,2026-08-20
The 100,Serie TV,,3,S03E11,The 100 - 3x11 - Mai Più HD.mkv,The 100 (3),.mkv,,Memoria 3,F:\Serie TV (Temporanea)\The 100 (3)\The 100 - 3x11 - Mai Più HD.mkv,2026-08-20
The 100,Serie TV,,3,S03E12,The 100 - 3x12 - Demoni HD.mkv,The 100 (3),.mkv,,Memoria 3,F:\Serie TV (Temporanea)\The 100 (3)\The 100 - 3x12 - Demoni HD.mkv,2026-08-20
The 100,Serie TV,,3,S03E13,The 100 - 3x13 - Unisciti A Noi HD.mkv,The 100 (3),.mkv,,Memoria 3,F:\Serie TV (Temporanea)\The 100 (3)\The 100 - 3x13 - Unisciti A Noi HD.mkv,2026-08-20
The 100,Serie TV,,3,S03E14,The 100 - 3x14 - Cielo Rosso Al Mattino HD.mkv,The 100 (3),.mkv,,Memoria 3,F:\Serie TV (Temporanea)\The 100 (3)\The 100 - 3x14 - Cielo Rosso Al Mattino HD.mkv,2026-08-20
The 100,Serie TV,,3,S03E15,The 100 - 3x15 - Esemplificazione Perversa - Prima Parte HD.mkv,The 100 (3),.mkv,,Memoria 3,F:\Serie TV (Temporanea)\The 100 (3)\The 100 - 3x15 - Esemplificazione Perversa - Prima Parte HD.mkv,2026-08-20
The 100,Serie TV,,3,S03E16,The 100 - 3x16 - Esemplificazione Perversa - Seconda Parte HD.mkv,The 100 (3),.mkv,,Memoria 3,F:\Serie TV (Temporanea)\The 100 (3)\The 100 - 3x16 - Esemplificazione Perversa - Seconda Parte HD.mkv,2026-08-20
The Mandalorian,Serie TV,,1,S01E01,The Mandalorian - 1x01 HD.mkv,The Mandalorian,.mkv,,Memoria 3,F:\Serie TV (Temporanea)\The Mandalorian\The Mandalorian - 1x01 HD.mkv,2026-08-20
The Mandalorian,Serie TV,,1,S01E02,The Mandalorian - 1x02 HD.mkv,The Mandalorian,.mkv,,Memoria 3,F:\Serie TV (Temporanea)\The Mandalorian\The Mandalorian - 1x02 HD.mkv,2026-08-20
The Mandalorian,Serie TV,,1,S01E03,The Mandalorian - 1x03 HD.mkv,The Mandalorian,.mkv,,Memoria 3,F:\Serie TV (Temporanea)\The Mandalorian\The Mandalorian - 1x03 HD.mkv,2026-08-20
The Mandalorian,Serie TV,,1,S01E04,The Mandalorian - 1x04 HD.mkv,The Mandalorian,.mkv,,Memoria 3,F:\Serie TV (Temporanea)\The Mandalorian\The Mandalorian - 1x04 HD.mkv,2026-08-20
The Mandalorian,Serie TV,,1,S01E05,The Mandalorian - 1x05 HD.mkv,The Mandalorian,.mkv,,Memoria 3,F:\Serie TV (Temporanea)\The Mandalorian\The Mandalorian - 1x05 HD.mkv,2026-08-20
The Mandalorian,Serie TV,,1,S01E06,The Mandalorian - 1x06 HD.mkv,The Mandalorian,.mkv,,Memoria 3,F:\Serie TV (Temporanea)\The Mandalorian\The Mandalorian - 1x06 HD.mkv,2026-08-20
The Mandalorian,Serie TV,,1,S01E07,The Mandalorian - 1x07 HD.mkv,The Mandalorian,.mkv,,Memoria 3,F:\Serie TV (Temporanea)\The Mandalorian\The Mandalorian - 1x07 HD.mkv,2026-08-20
The Mandalorian,Serie TV,,1,S01E08,The Mandalorian - 1x08 HD.mkv,The Mandalorian,.mkv,,Memoria 3,F:\Serie TV (Temporanea)\The Mandalorian\The Mandalorian - 1x08 HD.mkv,2026-08-20
The Young Pope,Serie TV,,1,S01E01,The Young Pope - 1x01 HD.mkv,The Young Pope (1),.mkv,,Memoria 3,F:\Serie TV (Temporanea)\The Young Pope (1)\The Young Pope - 1x01 HD.mkv,2026-08-20
The Young Pope,Serie TV,,1,S01E02,The Young Pope - 1x02 HD.mkv,The Young Pope (1),.mkv,,Memoria 3,F:\Serie TV (Temporanea)\The Young Pope (1)\The Young Pope - 1x02 HD.mkv,2026-08-20
The Young Pope,Serie TV,,1,S01E03,The Young Pope - 1x03 HD.mkv,The Young Pope (1),.mkv,,Memoria 3,F:\Serie TV (Temporanea)\The Young Pope (1)\The Young Pope - 1x03 HD.mkv,2026-08-20
The Young Pope,Serie TV,,1,S01E04,The Young Pope - 1x04 HD.mkv,The Young Pope (1),.mkv,,Memoria 3,F:\Serie TV (Temporanea)\The Young Pope (1)\The Young Pope - 1x04 HD.mkv,2026-08-20
The Young Pope,Serie TV,,1,S01E05,The Young Pope - 1x05 HD.mkv,The Young Pope (1),.mkv,,Memoria 3,F:\Serie TV (Temporanea)\The Young Pope (1)\The Young Pope - 1x05 HD.mkv,2026-08-20
The Young Pope,Serie TV,,1,S01E06,The Young pope - 1x06 HD.mkv,The Young Pope (1),.mkv,,Memoria 3,F:\Serie TV (Temporanea)\The Young Pope (1)\The Young pope - 1x06 HD.mkv,2026-08-20
The Young Pope,Serie TV,,1,S01E07,The Young Pope - 1x07 HD.mkv,The Young Pope (1),.mkv,,Memoria 3,F:\Serie TV (Temporanea)\The Young Pope (1)\The Young Pope - 1x07 HD.mkv,2026-08-20
The Young Pope,Serie TV,,1,S01E08,The Young Pope - 1x08 HD.mkv,The Young Pope (1),.mkv,,Memoria 3,F:\Serie TV (Temporanea)\The Young Pope (1)\The Young Pope - 1x08 HD.mkv,2026-08-20
True Detective,Serie TV,,1,S01E01,True Detective - 1X01 - La Lunga Luminosa Oscurità HD.mkv,True Detective,.mkv,,Memoria S,F:\SERIE TV\True Detective\True Detective - 1X01 - La Lunga Luminosa Oscurità HD.mkv,2026-08-20
True Detective,Serie TV,,1,S01E02,True Detective - 1X02 - Visioni HD.mkv,True Detective,.mkv,,Memoria S,F:\SERIE TV\True Detective\True Detective - 1X02 - Visioni HD.mkv,2026-08-20
True Detective,Serie TV,,1,S01E03,True Detective - 1X03 - La Stanza Sbarrata HD.mkv,True Detective,.mkv,,Memoria S,F:\SERIE TV\True Detective\True Detective - 1X03 - La Stanza Sbarrata HD.mkv,2026-08-20
True Detective,Serie TV,,1,S01E04,True Detective - 1X04 - Cani Sciolti HD.mkv,True Detective,.mkv,,Memoria S,F:\SERIE TV\True Detective\True Detective - 1X04 - Cani Sciolti HD.mkv,2026-08-20
True Detective,Serie TV,,1,S01E05,True Detective - 1X05 - Il Destino Segreto Della Vita Stessa HD.mkv,True Detective,.mkv,,Memoria S,F:\SERIE TV\True Detective\True Detective - 1X05 - Il Destino Segreto Della Vita Stessa HD.mkv,2026-08-20
True Detective,Serie TV,,1,S01E06,True Detective - 1X06 - Case Infestate HD.mkv,True Detective,.mkv,,Memoria S,F:\SERIE TV\True Detective\True Detective - 1X06 - Case Infestate HD.mkv,2026-08-20
True Detective,Serie TV,,1,S01E07,True Detective - 1X07 - Verso La Verità HD.mkv,True Detective,.mkv,,Memoria S,F:\SERIE TV\True Detective\True Detective - 1X07 - Verso La Verità HD.mkv,2026-08-20
True Detective,Serie TV,,1,S01E08,True Detective - 1X08 - Carcosa HD.mkv,True Detective,.mkv,,Memoria S,F:\SERIE TV\True Detective\True Detective - 1X08 - Carcosa HD.mkv,2026-08-20
True Detective,Serie TV,,2,S02E01,True Detective - 2x01 - Il Libro Dei Morti D'Occidente HD.mkv,True Detective,.mkv,,Memoria S,F:\SERIE TV\True Detective\True Detective - 2x01 - Il Libro Dei Morti D'Occidente HD.mkv,2026-08-20
True Detective,Serie TV,,2,S02E02,True Detective - 2x02 - Quando Scende La Notte HD.mkv,True Detective,.mkv,,Memoria S,F:\SERIE TV\True Detective\True Detective - 2x02 - Quando Scende La Notte HD.mkv,2026-08-20
True Detective,Serie TV,,2,S02E03,True Detective - 2x03 - Forse Domani HD.mkv,True Detective,.mkv,,Memoria S,F:\SERIE TV\True Detective\True Detective - 2x03 - Forse Domani HD.mkv,2026-08-20
True Detective,Serie TV,,2,S02E04,True Detective - 2x04 - La Fine E' Vicina HD.mkv,True Detective,.mkv,,Memoria S,F:\SERIE TV\True Detective\True Detective - 2x04 - La Fine E' Vicina HD.mkv,2026-08-20
True Detective,Serie TV,,2,S02E05,True Detective - 2x05 - Altre Vite HD.mkv,True Detective,.mkv,,Memoria S,F:\SERIE TV\True Detective\True Detective - 2x05 - Altre Vite HD.mkv,2026-08-20
True Detective,Serie TV,,2,S02E06,True Detective - 2x06 - Festa Privata HD.mkv,True Detective,.mkv,,Memoria S,F:\SERIE TV\True Detective\True Detective - 2x06 - Festa Privata HD.mkv,2026-08-20
True Detective,Serie TV,,2,S02E07,True Detective - 2x07 - Il Cerchio Si Chiude HD.mkv,True Detective,.mkv,,Memoria S,F:\SERIE TV\True Detective\True Detective - 2x07 - Il Cerchio Si Chiude HD.mkv,2026-08-20
True Detective,Serie TV,,2,S02E08,True Detective - 2x08 - Stazione Omega HD.mkv,True Detective,.mkv,,Memoria S,F:\SERIE TV\True Detective\True Detective - 2x08 - Stazione Omega HD.mkv,2026-08-20
True Detective,Serie TV,,3,S03E01,True Detective - 3x01 - La Grande Guerra E La Memoria Moderna HD.mkv,True Detective (3),.mkv,,Memoria 3,F:\Serie TV (Temporanea)\True Detective (3)\True Detective - 3x01 - La Grande Guerra E La Memoria Moderna HD.mkv,2026-08-20
True Detective,Serie TV,,3,S03E02,True Detective - 3x02 - Un Bacio E Un Addio HD.mkv,True Detective (3),.mkv,,Memoria 3,F:\Serie TV (Temporanea)\True Detective (3)\True Detective - 3x02 - Un Bacio E Un Addio HD.mkv,2026-08-20
True Detective,Serie TV,,3,S03E03,True Detective - 3x03 - Il Grande Mai HD.mkv,True Detective (3),.mkv,,Memoria 3,F:\Serie TV (Temporanea)\True Detective (3)\True Detective - 3x03 - Il Grande Mai HD.mkv,2026-08-20
True Detective,Serie TV,,3,S03E04,True Detective - 3x04 - Il Giorno E L'Ora HD.mkv,True Detective (3),.mkv,,Memoria 3,F:\Serie TV (Temporanea)\True Detective (3)\True Detective - 3x04 - Il Giorno E L'Ora HD.mkv,2026-08-20
True Detective,Serie TV,,3,S03E05,True Detective - 3x05 - Fantasmi HD.mkv,True Detective (3),.mkv,,Memoria 3,F:\Serie TV (Temporanea)\True Detective (3)\True Detective - 3x05 - Fantasmi HD.mkv,2026-08-20
True Detective,Serie TV,,3,S03E06,True Detective - 3x06 - Cacciatori Nell'Oscurità HD.mkv,True Detective (3),.mkv,,Memoria 3,F:\Serie TV (Temporanea)\True Detective (3)\True Detective - 3x06 - Cacciatori Nell'Oscurità HD.mkv,2026-08-20
True Detective,Serie TV,,3,S03E07,True Detective - 3x07 - L'Ultima Pista HD.mkv,True Detective (3),.mkv,,Memoria 3,F:\Serie TV (Temporanea)\True Detective (3)\True Detective - 3x07 - L'Ultima Pista HD.mkv,2026-08-20
True Detective,Serie TV,,3,S03E08,True Detective - 3x08 - Ora Mi Sono Ritrovato HD.mkv,True Detective (3),.mkv,,Memoria 3,F:\Serie TV (Temporanea)\True Detective (3)\True Detective - 3x08 - Ora Mi Sono Ritrovato HD.mkv,2026-08-20
Vikings,Serie TV,,1,S01E01,Vikings - 1x01 - Riti Di Passaggio HD.mkv,Vikings,.mkv,,Memoria S,F:\SERIE TV\Vikings\Vikings - 1x01 - Riti Di Passaggio HD.mkv,2026-08-20
Vikings,Serie TV,,1,S01E02,Vikings - 1x02 - L'Ira Degli Uomini Del Nord HD.mkv,Vikings,.mkv,,Memoria S,F:\SERIE TV\Vikings\Vikings - 1x02 - L'Ira Degli Uomini Del Nord HD.mkv,2026-08-20
Vikings,Serie TV,,1,S01E03,Vikings - 1x03 - Usurpato HD.mkv,Vikings,.mkv,,Memoria S,F:\SERIE TV\Vikings\Vikings - 1x03 - Usurpato HD.mkv,2026-08-20
Vikings,Serie TV,,1,S01E04,Vikings - 1x04 - Il Processo HD.mkv,Vikings,.mkv,,Memoria S,F:\SERIE TV\Vikings\Vikings - 1x04 - Il Processo HD.mkv,2026-08-20
Vikings,Serie TV,,1,S01E05,Vikings - 1x05 - L'Incursione HD.mkv,Vikings,.mkv,,Memoria S,F:\SERIE TV\Vikings\Vikings - 1x05 - L'Incursione HD.mkv,2026-08-20
Vikings,Serie TV,,1,S01E06,Vikings - 1x06 - Il Funerale HD.mkv,Vikings,.mkv,,Memoria S,F:\SERIE TV\Vikings\Vikings - 1x06 - Il Funerale HD.mkv,2026-08-20
Vikings,Serie TV,,1,S01E07,Vikings - 1x07 - Il Riscatto Di Un Re HD.mkv,Vikings,.mkv,,Memoria S,F:\SERIE TV\Vikings\Vikings - 1x07 - Il Riscatto Di Un Re HD.mkv,2026-08-20
Vikings,Serie TV,,1,S01E08,Vikings - 1x08 - Sacrificio HD.mkv,Vikings,.mkv,,Memoria S,F:\SERIE TV\Vikings\Vikings - 1x08 - Sacrificio HD.mkv,2026-08-20
Vikings,Serie TV,,1,S01E09,Vikings - 1x09 - Tutto Cambia HD.mkv,Vikings,.mkv,,Memoria S,F:\SERIE TV\Vikings\Vikings - 1x09 - Tutto Cambia HD.mkv,2026-08-20
Vikings,Serie TV,,2,S02E01,Vikings - 2X01 - Guerra Tra Fratelli HD.mkv,Vikings,.mkv,,Memoria S,F:\SERIE TV\Vikings\Vikings - 2X01 - Guerra Tra Fratelli HD.mkv,2026-08-20
Vikings,Serie TV,,2,S02E02,Vikings - 2X02 - L'Invasione HD.mkv,Vikings,.mkv,,Memoria S,F:\SERIE TV\Vikings\Vikings - 2X02 - L'Invasione HD.mkv,2026-08-20
Vikings,Serie TV,,2,S02E03,Vikings - 2X03 - Tradimento HD.mkv,Vikings,.mkv,,Memoria S,F:\SERIE TV\Vikings\Vikings - 2X03 - Tradimento HD.mkv,2026-08-20
Vikings,Serie TV,,2,S02E04,Vikings - 2x04 - Occhio Per Occhio HD.mkv,Vikings,.mkv,,Memoria S,F:\SERIE TV\Vikings\Vikings - 2x04 - Occhio Per Occhio HD.mkv,2026-08-20
Vikings,Serie TV,,2,S02E05,Vikings - 2x05 - Risposte Nel Sangue HD.mkv,Vikings,.mkv,,Memoria S,F:\SERIE TV\Vikings\Vikings - 2x05 - Risposte Nel Sangue HD.mkv,2026-08-20
Vikings,Serie TV,,2,S02E06,Vikings - 2x06 - Spietato HD.mkv,Vikings,.mkv,,Memoria S,F:\SERIE TV\Vikings\Vikings - 2x06 - Spietato HD.mkv,2026-08-20
Vikings,Serie TV,,2,S02E07,Vikings - 2x07 - Aquila Di Sangue HD.mkv,Vikings,.mkv,,Memoria S,F:\SERIE TV\Vikings\Vikings - 2x07 - Aquila Di Sangue HD.mkv,2026-08-20
Vikings,Serie TV,,2,S02E08,Vikings - 2x08 - Senza Ossa HD.mkv,Vikings,.mkv,,Memoria S,F:\SERIE TV\Vikings\Vikings - 2x08 - Senza Ossa HD.mkv,2026-08-20
Vikings,Serie TV,,2,S02E09,Vikings - 2x09 - La Scelta HD.mkv,Vikings,.mkv,,Memoria S,F:\SERIE TV\Vikings\Vikings - 2x09 - La Scelta HD.mkv,2026-08-20
Vikings,Serie TV,,2,S02E10,Vikings - 2x10 -  La Preghiera Del Padre Nostro HD.mkv,Vikings,.mkv,,Memoria S,F:\SERIE TV\Vikings\Vikings - 2x10 -  La Preghiera Del Padre Nostro HD.mkv,2026-08-20
Vikings,Serie TV,,3,S03E01,Vikings - 3x01 - Mercenary HD.mkv,Vikings,.mkv,,Memoria S,F:\SERIE TV\Vikings\Vikings - 3x01 - Mercenary HD.mkv,2026-08-20
Vikings,Serie TV,,3,S03E02,Vikings - 3x02 - The Wanderer HD.mkv,Vikings,.mkv,,Memoria S,F:\SERIE TV\Vikings\Vikings - 3x02 - The Wanderer HD.mkv,2026-08-20
Vikings,Serie TV,,3,S03E03,Vikings - 3x03 - Warrior's Fate HD.mkv,Vikings,.mkv,,Memoria S,F:\SERIE TV\Vikings\Vikings - 3x03 - Warrior's Fate HD.mkv,2026-08-20
Vikings,Serie TV,,3,S03E04,Vikings - 3x04 - Scarred HD.mkv,Vikings,.mkv,,Memoria S,F:\SERIE TV\Vikings\Vikings - 3x04 - Scarred HD.mkv,2026-08-20
Vikings,Serie TV,,3,S03E05,Vikings - 3x05 - The Usurper HD.mkv,Vikings,.mkv,,Memoria S,F:\SERIE TV\Vikings\Vikings - 3x05 - The Usurper HD.mkv,2026-08-20
Vikings,Serie TV,,3,S03E06,Vikings - 3x06 - Born Again HD.mkv,Vikings,.mkv,,Memoria S,F:\SERIE TV\Vikings\Vikings - 3x06 - Born Again HD.mkv,2026-08-20
Vikings,Serie TV,,3,S03E07,Vikings - 3x07 - Paris HD.mkv,Vikings,.mkv,,Memoria S,F:\SERIE TV\Vikings\Vikings - 3x07 - Paris HD.mkv,2026-08-20
Vikings,Serie TV,,3,S03E08,Vikings - 3x08 - To The Gates HD.mkv,Vikings,.mkv,,Memoria S,F:\SERIE TV\Vikings\Vikings - 3x08 - To The Gates HD.mkv,2026-08-20
Vikings,Serie TV,,3,S03E09,Vikings - 3x09 - Breaking Point HD.mkv,Vikings,.mkv,,Memoria S,F:\SERIE TV\Vikings\Vikings - 3x09 - Breaking Point HD.mkv,2026-08-20
Vikings,Serie TV,,3,S03E10,Vikings - 3x10 - The Dead HD.mkv,Vikings,.mkv,,Memoria S,F:\SERIE TV\Vikings\Vikings - 3x10 - The Dead HD.mkv,2026-08-20
Vikings,Serie TV,,4,S04E01,Vikings - 4x01 - A Good Treeson HD.mkv,"Vikings (4,5,6)\Vikings - IV Stagione",.mkv,,Memoria 3,"F:\Serie TV (Temporanea)\Vikings (4,5,6)\Vikings - IV Stagione\Vikings - 4x01 - A Good Treeson HD.mkv",2026-08-20
Vikings,Serie TV,,4,S04E02,Vikings - 4x02 - Kill The Queen HD.mkv,"Vikings (4,5,6)\Vikings - IV Stagione",.mkv,,Memoria 3,"F:\Serie TV (Temporanea)\Vikings (4,5,6)\Vikings - IV Stagione\Vikings - 4x02 - Kill The Queen HD.mkv",2026-08-20
Vikings,Serie TV,,4,S04E03,Vikings - 4x03 - Mercy HD.mkv,"Vikings (4,5,6)\Vikings - IV Stagione",.mkv,,Memoria 3,"F:\Serie TV (Temporanea)\Vikings (4,5,6)\Vikings - IV Stagione\Vikings - 4x03 - Mercy HD.mkv",2026-08-20
Vikings,Serie TV,,4,S04E04,Vikings - 4x04 - Yol HD.mkv,"Vikings (4,5,6)\Vikings - IV Stagione",.mkv,,Memoria 3,"F:\Serie TV (Temporanea)\Vikings (4,5,6)\Vikings - IV Stagione\Vikings - 4x04 - Yol HD.mkv",2026-08-20
Vikings,Serie TV,,4,S04E05,Vikings - 4x05 - Promised HD.mkv,"Vikings (4,5,6)\Vikings - IV Stagione",.mkv,,Memoria 3,"F:\Serie TV (Temporanea)\Vikings (4,5,6)\Vikings - IV Stagione\Vikings - 4x05 - Promised HD.mkv",2026-08-20
Vikings,Serie TV,,4,S04E06,Vikings - 4x06 - What Might Have Been HD.mkv,"Vikings (4,5,6)\Vikings - IV Stagione",.mkv,,Memoria 3,"F:\Serie TV (Temporanea)\Vikings (4,5,6)\Vikings - IV Stagione\Vikings - 4x06 - What Might Have Been HD.mkv",2026-08-20
Vikings,Serie TV,,4,S04E07,Vikings - 4x07 - The Profit And The Loss HD.mkv,"Vikings (4,5,6)\Vikings - IV Stagione",.mkv,,Memoria 3,"F:\Serie TV (Temporanea)\Vikings (4,5,6)\Vikings - IV Stagione\Vikings - 4x07 - The Profit And The Loss HD.mkv",2026-08-20
Vikings,Serie TV,,4,S04E08,Vikings - 4x08 - Portage HD.mkv,"Vikings (4,5,6)\Vikings - IV Stagione",.mkv,,Memoria 3,"F:\Serie TV (Temporanea)\Vikings (4,5,6)\Vikings - IV Stagione\Vikings - 4x08 - Portage HD.mkv",2026-08-20
Vikings,Serie TV,,4,S04E09,Vikings - 4x09 - Death All Round HD.mkv,"Vikings (4,5,6)\Vikings - IV Stagione",.mkv,,Memoria 3,"F:\Serie TV (Temporanea)\Vikings (4,5,6)\Vikings - IV Stagione\Vikings - 4x09 - Death All Round HD.mkv",2026-08-20
Vikings,Serie TV,,4,S04E10,Vikings - 4x10 - The Last Ship HD.mkv,"Vikings (4,5,6)\Vikings - IV Stagione",.mkv,,Memoria 3,"F:\Serie TV (Temporanea)\Vikings (4,5,6)\Vikings - IV Stagione\Vikings - 4x10 - The Last Ship HD.mkv",2026-08-20
Vikings,Serie TV,,4,S04E11,Vikings - 4x11 - The Outsider HD.mkv,"Vikings (4,5,6)\Vikings - IV Stagione",.mkv,,Memoria 3,"F:\Serie TV (Temporanea)\Vikings (4,5,6)\Vikings - IV Stagione\Vikings - 4x11 - The Outsider HD.mkv",2026-08-20
Vikings,Serie TV,,4,S04E12,Vikings - 4x12 - The Vision HD.mkv,"Vikings (4,5,6)\Vikings - IV Stagione",.mkv,,Memoria 3,"F:\Serie TV (Temporanea)\Vikings (4,5,6)\Vikings - IV Stagione\Vikings - 4x12 - The Vision HD.mkv",2026-08-20
Vikings,Serie TV,,4,S04E13,Vikings - 4x13 - Two Journeys HD.mkv,"Vikings (4,5,6)\Vikings - IV Stagione",.mkv,,Memoria 3,"F:\Serie TV (Temporanea)\Vikings (4,5,6)\Vikings - IV Stagione\Vikings - 4x13 - Two Journeys HD.mkv",2026-08-20
Vikings,Serie TV,,4,S04E14,Vikings - 4x14 - In The Uncertain Hour Before The Morning HD.mkv,"Vikings (4,5,6)\Vikings - IV Stagione",.mkv,,Memoria 3,"F:\Serie TV (Temporanea)\Vikings (4,5,6)\Vikings - IV Stagione\Vikings - 4x14 - In The Uncertain Hour Before The Morning HD.mkv",2026-08-20
Vikings,Serie TV,,4,S04E15,Vikings - 4x15 - All His Angels HD.mkv,"Vikings (4,5,6)\Vikings - IV Stagione",.mkv,,Memoria 3,"F:\Serie TV (Temporanea)\Vikings (4,5,6)\Vikings - IV Stagione\Vikings - 4x15 - All His Angels HD.mkv",2026-08-20
Vikings,Serie TV,,4,S04E16,Vikings - 4x16 - Crossings HD.mkv,"Vikings (4,5,6)\Vikings - IV Stagione",.mkv,,Memoria 3,"F:\Serie TV (Temporanea)\Vikings (4,5,6)\Vikings - IV Stagione\Vikings - 4x16 - Crossings HD.mkv",2026-08-20
Vikings,Serie TV,,4,S04E17,Vikings - 4x17 - The Great Army HD.mkv,"Vikings (4,5,6)\Vikings - IV Stagione",.mkv,,Memoria 3,"F:\Serie TV (Temporanea)\Vikings (4,5,6)\Vikings - IV Stagione\Vikings - 4x17 - The Great Army HD.mkv",2026-08-20
Vikings,Serie TV,,4,S04E18,Vikings - 4x18 - Revenge HD.mkv,"Vikings (4,5,6)\Vikings - IV Stagione",.mkv,,Memoria 3,"F:\Serie TV (Temporanea)\Vikings (4,5,6)\Vikings - IV Stagione\Vikings - 4x18 - Revenge HD.mkv",2026-08-20
Vikings,Serie TV,,4,S04E19,Vikings - 4x19 - On The Eve HD.mkv,"Vikings (4,5,6)\Vikings - IV Stagione",.mkv,,Memoria 3,"F:\Serie TV (Temporanea)\Vikings (4,5,6)\Vikings - IV Stagione\Vikings - 4x19 - On The Eve HD.mkv",2026-08-20
Vikings,Serie TV,,4,S04E20,Vikings - 4x20 - The Reckoning HD.mkv,"Vikings (4,5,6)\Vikings - IV Stagione",.mkv,,Memoria 3,"F:\Serie TV (Temporanea)\Vikings (4,5,6)\Vikings - IV Stagione\Vikings - 4x20 - The Reckoning HD.mkv",2026-08-20
Vikings,Serie TV,,5,S05E01,Vikings - 5x01 - Partenza - Parte I HD.mkv,"Vikings (4,5,6)\Vikings - V Stagione",.mkv,,Memoria 3,"F:\Serie TV (Temporanea)\Vikings (4,5,6)\Vikings - V Stagione\Vikings - 5x01 - Partenza - Parte I HD.mkv",2026-08-20
Vikings,Serie TV,,5,S05E02,Vikings - 5x02 - Partenza - Parte II HD.mkv,"Vikings (4,5,6)\Vikings - V Stagione",.mkv,,Memoria 3,"F:\Serie TV (Temporanea)\Vikings (4,5,6)\Vikings - V Stagione\Vikings - 5x02 - Partenza - Parte II HD.mkv",2026-08-20
Vikings,Serie TV,,5,S05E03,Vikings - 5x03 - Homeland HD.mkv,"Vikings (4,5,6)\Vikings - V Stagione",.mkv,,Memoria 3,"F:\Serie TV (Temporanea)\Vikings (4,5,6)\Vikings - V Stagione\Vikings - 5x03 - Homeland HD.mkv",2026-08-20
Vikings,Serie TV,,5,S05E04,Vikings - 5x04 - The Plan HD.mkv,"Vikings (4,5,6)\Vikings - V Stagione",.mkv,,Memoria 3,"F:\Serie TV (Temporanea)\Vikings (4,5,6)\Vikings - V Stagione\Vikings - 5x04 - The Plan HD.mkv",2026-08-20
Vikings,Serie TV,,5,S05E05,Vikings - 5x05 - The Prisoner HD.mkv,"Vikings (4,5,6)\Vikings - V Stagione",.mkv,,Memoria 3,"F:\Serie TV (Temporanea)\Vikings (4,5,6)\Vikings - V Stagione\Vikings - 5x05 - The Prisoner HD.mkv",2026-08-20
Vikings,Serie TV,,5,S05E06,Vikings - 5x06 - The Message HD.mkv,"Vikings (4,5,6)\Vikings - V Stagione",.mkv,,Memoria 3,"F:\Serie TV (Temporanea)\Vikings (4,5,6)\Vikings - V Stagione\Vikings - 5x06 - The Message HD.mkv",2026-08-20
Vikings,Serie TV,,5,S05E07,Vikings - 5x07 - Full Moon HD.mkv,"Vikings (4,5,6)\Vikings - V Stagione",.mkv,,Memoria 3,"F:\Serie TV (Temporanea)\Vikings (4,5,6)\Vikings - V Stagione\Vikings - 5x07 - Full Moon HD.mkv",2026-08-20
Vikings,Serie TV,,5,S05E08,Vikings - 5x08 - The Joke HD.mkv,"Vikings (4,5,6)\Vikings - V Stagione",.mkv,,Memoria 3,"F:\Serie TV (Temporanea)\Vikings (4,5,6)\Vikings - V Stagione\Vikings - 5x08 - The Joke HD.mkv",2026-08-20
Vikings,Serie TV,,5,S05E09,Vikings - 5x09 - A Simple Story HD.mkv,"Vikings (4,5,6)\Vikings - V Stagione",.mkv,,Memoria 3,"F:\Serie TV (Temporanea)\Vikings (4,5,6)\Vikings - V Stagione\Vikings - 5x09 - A Simple Story HD.mkv",2026-08-20
Vikings,Serie TV,,5,S05E10,Vikings - 5x10 - Moments of Vision HD.mkv,"Vikings (4,5,6)\Vikings - V Stagione",.mkv,,Memoria 3,"F:\Serie TV (Temporanea)\Vikings (4,5,6)\Vikings - V Stagione\Vikings - 5x10 - Moments of Vision HD.mkv",2026-08-20
Vikings,Serie TV,,5,S05E11,Vikings - 5x11 - The Revelation HD.mkv,"Vikings (4,5,6)\Vikings - V Stagione",.mkv,,Memoria 3,"F:\Serie TV (Temporanea)\Vikings (4,5,6)\Vikings - V Stagione\Vikings - 5x11 - The Revelation HD.mkv",2026-08-20
Vikings,Serie TV,,5,S05E12,Vikings - 5x12 - Murder Most Foul HD.mkv,"Vikings (4,5,6)\Vikings - V Stagione",.mkv,,Memoria 3,"F:\Serie TV (Temporanea)\Vikings (4,5,6)\Vikings - V Stagione\Vikings - 5x12 - Murder Most Foul HD.mkv",2026-08-20
Vikings,Serie TV,,5,S05E13,Vikings - 5x13 - A New God HD.mkv,"Vikings (4,5,6)\Vikings - V Stagione",.mkv,,Memoria 3,"F:\Serie TV (Temporanea)\Vikings (4,5,6)\Vikings - V Stagione\Vikings - 5x13 - A New God HD.mkv",2026-08-20
Vikings,Serie TV,,5,S05E14,Vikings - 5x14 - The Lost Moment HD.mkv,"Vikings (4,5,6)\Vikings - V Stagione",.mkv,,Memoria 3,"F:\Serie TV (Temporanea)\Vikings (4,5,6)\Vikings - V Stagione\Vikings - 5x14 - The Lost Moment HD.mkv",2026-08-20
Vikings,Serie TV,,5,S05E15,Vikings - 5x15 - Hell HD.mkv,"Vikings (4,5,6)\Vikings - V Stagione",.mkv,,Memoria 3,"F:\Serie TV (Temporanea)\Vikings (4,5,6)\Vikings - V Stagione\Vikings - 5x15 - Hell HD.mkv",2026-08-20
Vikings,Serie TV,,5,S05E16,Vikings - 5x16 - The Buddha HD.mkv,"Vikings (4,5,6)\Vikings - V Stagione",.mkv,,Memoria 3,"F:\Serie TV (Temporanea)\Vikings (4,5,6)\Vikings - V Stagione\Vikings - 5x16 - The Buddha HD.mkv",2026-08-20
Vikings,Serie TV,,5,S05E17,Vikings - 5x17 - The Most Terrible Thing HD.mkv,"Vikings (4,5,6)\Vikings - V Stagione",.mkv,,Memoria 3,"F:\Serie TV (Temporanea)\Vikings (4,5,6)\Vikings - V Stagione\Vikings - 5x17 - The Most Terrible Thing HD.mkv",2026-08-20
Vikings,Serie TV,,5,S05E18,Vikings - 5x18 - Baldur HD.mkv,"Vikings (4,5,6)\Vikings - V Stagione",.mkv,,Memoria 3,"F:\Serie TV (Temporanea)\Vikings (4,5,6)\Vikings - V Stagione\Vikings - 5x18 - Baldur HD.mkv",2026-08-20
Vikings,Serie TV,,5,S05E19,Vikings - 5x19 - What Happens In The Cave HD.mkv,"Vikings (4,5,6)\Vikings - V Stagione",.mkv,,Memoria 3,"F:\Serie TV (Temporanea)\Vikings (4,5,6)\Vikings - V Stagione\Vikings - 5x19 - What Happens In The Cave HD.mkv",2026-08-20
Vikings,Serie TV,,5,S05E20,Vikings - 5x20 - Ragnarok HD.mkv,"Vikings (4,5,6)\Vikings - V Stagione",.mkv,,Memoria 3,"F:\Serie TV (Temporanea)\Vikings (4,5,6)\Vikings - V Stagione\Vikings - 5x20 - Ragnarok HD.mkv",2026-08-20
Vikings,Serie TV,,6,S06E01,Vikings - 6x01 - New Beginnings HD.mkv,"Vikings (4,5,6)\Vikings - VI Stagione",.mkv,,Memoria 3,"F:\Serie TV (Temporanea)\Vikings (4,5,6)\Vikings - VI Stagione\Vikings - 6x01 - New Beginnings HD.mkv",2026-08-20
Vikings,Serie TV,,6,S06E02,Vikings - 6x02 - The Prophet HD.mkv,"Vikings (4,5,6)\Vikings - VI Stagione",.mkv,,Memoria 3,"F:\Serie TV (Temporanea)\Vikings (4,5,6)\Vikings - VI Stagione\Vikings - 6x02 - The Prophet HD.mkv",2026-08-20
Vikings,Serie TV,,6,S06E03,"Vikings - 6x03 - Ghost, Gods and Running Dogs HD.mkv","Vikings (4,5,6)\Vikings - VI Stagione",.mkv,,Memoria 3,"F:\Serie TV (Temporanea)\Vikings (4,5,6)\Vikings - VI Stagione\Vikings - 6x03 - Ghost, Gods and Running Dogs HD.mkv",2026-08-20
Vikings,Serie TV,,6,S06E04,Vikings - 6x04 - All the Prisoners HD.mkv,"Vikings (4,5,6)\Vikings - VI Stagione",.mkv,,Memoria 3,"F:\Serie TV (Temporanea)\Vikings (4,5,6)\Vikings - VI Stagione\Vikings - 6x04 - All the Prisoners HD.mkv",2026-08-20
Vikings,Serie TV,,6,S06E05,Vikings - 6x05 - The Key HD.mkv,"Vikings (4,5,6)\Vikings - VI Stagione",.mkv,,Memoria 3,"F:\Serie TV (Temporanea)\Vikings (4,5,6)\Vikings - VI Stagione\Vikings - 6x05 - The Key HD.mkv",2026-08-20
Vikings,Serie TV,,6,S06E06,Vikings - 6x06 - Death And The Serpent HD.mkv,"Vikings (4,5,6)\Vikings - VI Stagione",.mkv,,Memoria 3,"F:\Serie TV (Temporanea)\Vikings (4,5,6)\Vikings - VI Stagione\Vikings - 6x06 - Death And The Serpent HD.mkv",2026-08-20
Vikings,Serie TV,,6,S06E07,Vikings - 6x07 - The Ice Maiden HD.mkv,"Vikings (4,5,6)\Vikings - VI Stagione",.mkv,,Memoria 3,"F:\Serie TV (Temporanea)\Vikings (4,5,6)\Vikings - VI Stagione\Vikings - 6x07 - The Ice Maiden HD.mkv",2026-08-20
Vikings,Serie TV,,6,S06E08,Vikings - 6x08 - Valhalla Can Wait HD.mkv,"Vikings (4,5,6)\Vikings - VI Stagione",.mkv,,Memoria 3,"F:\Serie TV (Temporanea)\Vikings (4,5,6)\Vikings - VI Stagione\Vikings - 6x08 - Valhalla Can Wait HD.mkv",2026-08-20
Vikings,Serie TV,,6,S06E09,Vikings - 6x09 - Resurrection HD.mkv,"Vikings (4,5,6)\Vikings - VI Stagione",.mkv,,Memoria 3,"F:\Serie TV (Temporanea)\Vikings (4,5,6)\Vikings - VI Stagione\Vikings - 6x09 - Resurrection HD.mkv",2026-08-20
Vikings,Serie TV,,6,S06E10,Vikings - 6x10 - The Best Laid Plans HD.mkv,"Vikings (4,5,6)\Vikings - VI Stagione",.mkv,,Memoria 3,"F:\Serie TV (Temporanea)\Vikings (4,5,6)\Vikings - VI Stagione\Vikings - 6x10 - The Best Laid Plans HD.mkv",2026-08-20
